experiment_name,loss_mode,bce_weight,dice_weight,dice_smooth,soft_bce_smooth,epochs,focal_weight,tversky_weight,tversky_alpha,tversky_beta,focal_gamma,best_miou_mean,best_miou_std,last_miou_mean,last_miou_std,best_macro_f1_mean,best_macro_f1_std,last_macro_f1_mean,last_macro_f1_std,best_rare_miou_mean,best_rare_miou_std,last_rare_miou_mean,last_rare_miou_std,repeats
soft_bce_dice__mix_weight-0.2__dice_smooth-1e-05__soft_bce_smooth-0.1,soft_bce_dice,0.2,0.8,1e-05,0.1,5,,,,,,0.15349762852834448,0.009975916686737656,0.1453598540537865,0.002506321146116409,0.23378579796912247,0.014044203733686278,0.22529670398592913,0.0027913122432281405,0.15483365227444795,0.007973548565273061,0.14250904077430998,0.01346812178147336,3
bce_tversky__mix_weight-0.2__alpha-0.8__beta-0.2,bce_tversky,0.2,,,,5,,0.8,0.8,0.19999999999999996,,0.1477847737225576,0.006681006219078055,0.14283587885481952,0.0014678476469905874,0.2281908586238153,0.00974205805544498,0.22219412206469188,0.0028348356601516807,0.15617860466091013,0.002797336903524359,0.1444813697979695,0.019171901469537515,3
bce_tversky__mix_weight-0.2__alpha-0.5__beta-0.5,bce_tversky,0.2,,,,5,,0.8,0.5,0.5,,0.14398142810218376,0.013879515328850733,0.13784796632943533,0.007944153539216861,0.2210363555762415,0.017759850280955405,0.21469347949494236,0.011101348954579282,0.1478253386585611,0.016720433029942756,0.14119423193231095,0.02090265798199806,3
soft_bce_dice__mix_weight-0.2__dice_smooth-1e-06__soft_bce_smooth-0.05,soft_bce_dice,0.2,0.8,1e-06,0.05,5,,,,,,0.1430217144479401,0.014336859606815227,0.12227358697640212,0.023297259731103213,0.21613489822994156,0.024230382687542726,0.194724258126634,0.03096611608408579,0.14444389397973334,0.007274613757036648,0.12467043579397685,0.019848130453959664,3
focal_tversky_mix__mix_weight-0.2__alpha-0.5__gamma-1__beta-0.5,focal_tversky_mix,,,,,5,0.2,0.8,0.5,0.5,1.0,0.14209865861309215,0.008338035667492128,0.14131746247106497,0.00774746104544431,0.2183780642547869,0.012138193817177699,0.2183780642547869,0.012138193817177699,0.14362632949084334,0.008727500155513703,0.14362632949084334,0.008727500155513703,3
soft_bce_dice__mix_weight-0.2__dice_smooth-1e-07__soft_bce_smooth-0.05,soft_bce_dice,0.2,0.8,1e-07,0.05,5,,,,,,0.14184783733813633,0.009569749064240156,0.13733738510388563,0.004554709203310851,0.21691427599084126,0.014787606678011976,0.2126381662329808,0.008785663560197549,0.14713536734083696,0.00855692673092707,0.14194140871853836,0.011789200972514964,3
focal_tversky_mix__mix_weight-0.2__alpha-0.8__gamma-2__beta-0.2,focal_tversky_mix,,,,,5,0.2,0.8,0.8,0.19999999999999996,2.0,0.1390227144667463,0.003654026992081142,0.13278399660331583,0.006092073093390838,0.2163656157842536,0.006479643648811749,0.21079156072711205,0.010618668953189645,0.14850826140766296,0.0036098169164175435,0.14276905288631733,0.007204451121677505,3
focal_tversky_mix__mix_weight-0.2__alpha-0.8__gamma-1__beta-0.2,focal_tversky_mix,,,,,5,0.2,0.8,0.8,0.19999999999999996,1.0,0.13900091185226018,0.003470634838921867,0.13652138925467053,0.00613903731309456,0.21664644424318236,0.005242444378995441,0.2141215207354267,0.00847315908673794,0.15224024126807037,0.00516241854708198,0.13787458908112987,0.020043133940389733,3
soft_bce_dice__mix_weight-0.2__dice_smooth-1e-05__soft_bce_smooth-0.05,soft_bce_dice,0.2,0.8,1e-05,0.05,5,,,,,,0.13723289172476585,0.01213012940550019,0.13723289172476585,0.01213012940550019,0.20939292519934685,0.022082091181613986,0.20939292519934685,0.022082091181613986,0.14680404425878946,0.015850037753227506,0.13946908241154665,0.023426124895306582,3
bce_dice__mix_weight-0.2__dice_smooth-1e-05,bce_dice,0.2,0.8,1e-05,,5,,,,,,0.1370562742404923,0.015310771217542846,0.1321471156716735,0.008561483199482113,0.20924641897404397,0.023204073047122683,0.20253980948814265,0.013870415881842435,0.14113323048829482,0.014038645031560402,0.1328002833945554,0.022416069591153717,3
soft_bce_dice__mix_weight-0.2__dice_smooth-1e-06__soft_bce_smooth-0e+00,soft_bce_dice,0.2,0.8,1e-06,0.0,5,,,,,,0.1358792755905648,0.0024090149440008134,0.1358792755905648,0.0024090149440008134,0.20902424100083664,0.0046588945265591715,0.20902424100083664,0.0046588945265591715,0.1408776181458126,0.0019684012484852283,0.13255080071529093,0.012737605674048044,3
soft_bce_dice__mix_weight-0.2__dice_smooth-1e-06__soft_bce_smooth-0.1,soft_bce_dice,0.2,0.8,1e-06,0.1,5,,,,,,0.1357097689991749,0.0023822170325478887,0.12945211146984967,0.006851647286505256,0.20253146866097116,0.0037499485082116172,0.19874085692403742,0.007186848775107875,0.13837407128297863,0.009701883688144605,0.13730329431718505,0.008956108390831248,3
soft_bce_dice__mix_weight-0.2__dice_smooth-1e-07__soft_bce_smooth-0e+00,soft_bce_dice,0.2,0.8,1e-07,0.0,5,,,,,,0.13558278328190007,0.0015894261749836215,0.12968941730791508,0.00746272168176154,0.2057956788688089,0.002557188171646734,0.1998802707100179,0.008746015420302795,0.13138832641918027,0.011002779953132888,0.12641514482665622,0.007877506621281498,3
bce_tversky__mix_weight-0.2__alpha-0.2__beta-0.8,bce_tversky,0.2,,,,5,,0.8,0.2,0.8,,0.1351545122855309,0.008646774005270735,0.1351545122855309,0.008646774005270735,0.20460737902700674,0.013108546581220239,0.20460737902700674,0.013108546581220239,0.13946086644733235,0.009789724144489212,0.1322078342997541,0.014957684701857965,3
bce_dice__mix_weight-0.2__dice_smooth-1e-07,bce_dice,0.2,0.8,1e-07,,5,,,,,,0.1341894211475175,0.005753753382647528,0.1327553325999626,0.0074551674889599545,0.20095547806134795,0.005659491912525142,0.20095547806134795,0.005659491912525142,0.14112680503925512,0.004309106961478248,0.12675930595020146,0.007913766970647594,3
focal_tversky_mix__mix_weight-0.5__alpha-0.8__gamma-3__beta-0.2,focal_tversky_mix,,,,,5,0.5,0.5,0.8,0.19999999999999996,3.0,0.13325497736936168,0.017285922578765153,0.12619971608663053,0.010043352369312974,0.20211901820004163,0.026344144795837375,0.1941747544680598,0.016711488001019473,0.14734234091575812,0.01088489907871875,0.13800376925168312,0.0025472220958331886,3
dice_focal__mix_weight-0.8__gamma-1,dice_focal,,0.8,,,5,0.19999999999999996,,,,1.0,0.13285829291350712,0.004889912809030154,0.13285829291350712,0.004889912809030154,0.20484194426225286,0.005407383478357588,0.20484194426225286,0.005407383478357588,0.13512382953861576,0.008214181986283743,0.13122994766604001,0.013692377053328994,3
dice_focal__mix_weight-0.8__gamma-2,dice_focal,,0.8,,,5,0.19999999999999996,,,,2.0,0.13049033311973582,0.005135953210126102,0.13049033311973582,0.005135953210126102,0.2052935595387728,0.007280121609901673,0.2052935595387728,0.007280121609901673,0.14156733529382737,0.005464870953784473,0.13574503102208288,0.013697226296950853,3
bce_dice__mix_weight-0.2__dice_smooth-1e-06,bce_dice,0.2,0.8,1e-06,,5,,,,,,0.1302762875146268,0.004667027364308148,0.1302762875146268,0.004667027364308148,0.1988986874280041,0.007685324034886127,0.1988986874280041,0.007685324034886127,0.14077940364690078,0.00912617934781825,0.1351053748605302,0.01684631242286432,3
focal_tversky_mix__mix_weight-0.2__alpha-0.8__gamma-3__beta-0.2,focal_tversky_mix,,,,,5,0.2,0.8,0.8,0.19999999999999996,3.0,0.1288268192660534,0.0025751233251879472,0.12408887749049773,0.006455080212742543,0.20746309456948842,0.003682854375460455,0.20173206023267665,0.010508083462964822,0.13641708283835616,0.004609547121826347,0.1323394623980834,0.005339713101877837,3
focal_tversky_mix__mix_weight-0.5__alpha-0.8__gamma-2__beta-0.2,focal_tversky_mix,,,,,5,0.5,0.5,0.8,0.19999999999999996,2.0,0.12863332945049477,0.017285742114209017,0.12420871485409944,0.012184683516025014,0.19131782013332063,0.028494637785997923,0.18343569829549725,0.0197355422991863,0.14704096185856513,0.010985206380840083,0.13321762010810584,0.008579564252208618,3
focal_tversky_mix__mix_weight-0.2__alpha-0.5__gamma-2__beta-0.5,focal_tversky_mix,,,,,5,0.2,0.8,0.5,0.5,2.0,0.12778411207119078,0.006177195761829966,0.11932120918360271,0.012019433085679017,0.19402443054025698,0.009678817544229824,0.1865412598947983,0.017534215875465775,0.13580606410148052,0.010325871317962546,0.12668753061248758,0.017635598549939444,3
dice_focal__mix_weight-0.8__gamma-3,dice_focal,,0.8,,,5,0.19999999999999996,,,,3.0,0.12641441630174674,0.008000273977181541,0.11952301012828769,0.013378428237011542,0.19645784075554373,0.014311286950791998,0.19012148638171067,0.019617318661979945,0.13766674334779894,0.006296124113027308,0.12541479227626132,0.01726749926377546,3
soft_bce_dice__mix_weight-0.2__dice_smooth-1e-07__soft_bce_smooth-0.1,soft_bce_dice,0.2,0.8,1e-07,0.1,5,,,,,,0.12572596070217487,0.005073594122422384,0.12572596070217487,0.005073594122422384,0.19314401643688991,0.013217013376896639,0.19314401643688991,0.013217013376896639,0.13583294685230277,0.0051112601276879,0.1256480786169883,0.017944356205624092,3
focal_tversky_mix__mix_weight-0.2__alpha-0.5__gamma-3__beta-0.5,focal_tversky_mix,,,,,5,0.2,0.8,0.5,0.5,3.0,0.12565000939424845,0.01158486313505444,0.1195679739433253,0.009996840227995912,0.19649096031742355,0.01910025078792709,0.19113535789664735,0.01874083162581545,0.1367576725761961,0.011381747265563824,0.12546189430175148,0.0013891808920732229,3
soft_bce_dice__mix_weight-0.2__dice_smooth-1e-05__soft_bce_smooth-0e+00,soft_bce_dice,0.2,0.8,1e-05,0.0,5,,,,,,0.12512937262396528,0.007894199554672571,0.12232236261423786,0.011164157970240621,0.18945050939549576,0.015749584113143172,0.18860127809261343,0.016851970326808772,0.1390220445243746,0.007940352235959826,0.12996006309035693,0.013692249094357149,3
focal_tversky_mix__mix_weight-0.2__alpha-0.2__gamma-1__beta-0.8,focal_tversky_mix,,,,,5,0.2,0.8,0.2,0.8,1.0,0.12351259644993355,0.013034612016212515,0.12232995746532209,0.014313790341604557,0.18871244046215976,0.023718250100074022,0.18871244046215976,0.023718250100074022,0.13448501298644155,0.017601635806776945,0.1322665415837961,0.01926984223859515,3
dice_focal__mix_weight-0.5__gamma-1,dice_focal,,0.5,,,5,0.5,,,,1.0,0.12224265152332336,0.008320180957029275,0.1087890805340449,0.02465454782239167,0.17970288569316553,0.010680932807690351,0.162650983027378,0.029402350994443435,0.13342991204504664,0.011744726918927383,0.1281936763664324,0.018031444779434837,3
focal_tversky_mix__mix_weight-0.5__alpha-0.5__gamma-3__beta-0.5,focal_tversky_mix,,,,,5,0.5,0.5,0.5,0.5,3.0,0.11766141418030733,0.0022807966556918705,0.11114374429999639,0.010347541298177344,0.17368945723227394,0.0057831159427232225,0.16388838193762845,0.01620472953669217,0.13372312346879278,0.0038557379085151157,0.13125896859128766,0.006404942945107935,3
focal_tversky_mix__mix_weight-0.2__alpha-0.2__gamma-2__beta-0.8,focal_tversky_mix,,,,,5,0.2,0.8,0.2,0.8,2.0,0.11762156610294006,0.007176618207760926,0.11461811487331196,0.0031047081094288807,0.17675641292712643,0.011066950906532473,0.1750343014370748,0.008676397685634416,0.12246716824956237,0.005752257542529881,0.1191375277383092,0.007195273617309689,3
dice_focal__mix_weight-0.5__gamma-3,dice_focal,,0.5,,,5,0.5,,,,3.0,0.11671504570524978,0.008866766417503074,0.11453668706034535,0.008026558141382504,0.1695587833954009,0.012766630938307289,0.16650548038617732,0.012051913740594828,0.1261264324628642,0.0017436529313976114,0.12454707075429618,0.002213192186313534,3
bce_tversky__mix_weight-0.5__alpha-0.8__beta-0.2,bce_tversky,0.5,,,,5,,0.5,0.8,0.19999999999999996,,0.1165328762811748,0.003938292217348161,0.10358482911560075,0.022150600106450834,0.16345296686382219,0.007866436653231732,0.14824640744445455,0.028658035941789704,0.12529114371393316,0.01016889047990649,0.11820291648779331,0.01742297227200708,3
focal_tversky_mix__mix_weight-0.5__alpha-0.8__gamma-1__beta-0.2,focal_tversky_mix,,,,,5,0.5,0.5,0.8,0.19999999999999996,1.0,0.11640161969514058,0.0029342508933516177,0.1049403396398465,0.013643712296934264,0.17018284415623033,0.005439302674703319,0.15401605840896157,0.01742623022248334,0.12954783179647295,0.003603385789765278,0.12311414914712326,0.00857354872442343,3
soft_bce_dice__mix_weight-0.5__dice_smooth-1e-05__soft_bce_smooth-0e+00,soft_bce_dice,0.5,0.5,1e-05,0.0,5,,,,,,0.11615587468205803,0.011000023365212821,0.10994526956976204,0.017703231486116962,0.1626134828888728,0.015487747722084317,0.15536736675710514,0.023166569559342827,0.12267496866872139,0.005725881524375652,0.12267496866872139,0.005725881524375652,3
dice_focal__mix_weight-0.5__gamma-2,dice_focal,,0.5,,,5,0.5,,,,2.0,0.11286000358729352,0.005483145327631173,0.11286000358729352,0.005483145327631173,0.16237399172348535,0.008098072441695492,0.16237399172348535,0.008098072441695492,0.13409178646429903,0.007847722613485299,0.13406055466117128,0.007866739391233831,3
focal_tversky_mix__mix_weight-0.5__alpha-0.5__gamma-2__beta-0.5,focal_tversky_mix,,,,,5,0.5,0.5,0.5,0.5,2.0,0.11238788533594224,0.005000693497145784,0.10521153270613372,0.011480287364936708,0.1637928766144158,0.006326686099373635,0.1516861530878535,0.014552329467911062,0.1297459678560456,0.011349142669507713,0.12596258031042343,0.01010835449352322,3
soft_bce_dice__mix_weight-0.5__dice_smooth-1e-07__soft_bce_smooth-0e+00,soft_bce_dice,0.5,0.5,1e-07,0.0,5,,,,,,0.11085718963078163,0.005895628740769681,0.10515977991691554,0.010907364530327299,0.15857229805414755,0.010249705283733881,0.14984512931881286,0.017071526584748174,0.12659909596803795,0.011876135141176592,0.12659909596803795,0.011876135141176592,3
bce_dice__mix_weight-0.5__dice_smooth-1e-06,bce_dice,0.5,0.5,1e-06,,5,,,,,,0.11062890428134854,0.006197002109871005,0.10543682290213698,0.004800735989233946,0.15873402816581691,0.012304304864916328,0.1503581186607432,0.0071388344388347786,0.12547714940218133,0.010429991408914839,0.12501754607274096,0.01106266360732784,3
focal_tversky_mix__mix_weight-0.5__alpha-0.5__gamma-1__beta-0.5,focal_tversky_mix,,,,,5,0.5,0.5,0.5,0.5,1.0,0.1104765068931582,0.018026601096344134,0.10985396776758065,0.018795449105994386,0.16218238200900528,0.025569629922285387,0.16012058594905307,0.027913954134166623,0.12094475361983974,0.010292022219657521,0.12094475361983974,0.010292022219657521,3
bce_tversky__mix_weight-0.5__alpha-0.5__beta-0.5,bce_tversky,0.5,,,,5,,0.5,0.5,0.5,,0.10980311000368119,0.009806312678578967,0.09954226854368427,0.02158590200756613,0.1572335067440043,0.013875738497371474,0.1416842566160829,0.0321235229137566,0.12326931641846194,0.006366333407062961,0.12326931641846194,0.006366333407062961,3
soft_bce_dice__mix_weight-0.5__dice_smooth-1e-06__soft_bce_smooth-0.1,soft_bce_dice,0.5,0.5,1e-06,0.1,5,,,,,,0.10974285185925879,0.0018483741238989812,0.10974285185925879,0.0018483741238989812,0.1512764050331584,0.003632482133945487,0.1512764050331584,0.003632482133945487,0.11710282895362893,0.0012425524848935804,0.11710282895362893,0.0012425524848935804,3
bce_dice__mix_weight-0.5__dice_smooth-1e-07,bce_dice,0.5,0.5,1e-07,,5,,,,,,0.10961253350939315,0.005963766694573075,0.10645949376142466,0.010414234108267464,0.1572441375163168,0.012311806374503463,0.15344870127285506,0.017661034908073782,0.12200140114028989,0.01245178210385875,0.12200140114028989,0.01245178210385875,3
bce_dice__mix_weight-0.5__dice_smooth-1e-05,bce_dice,0.5,0.5,1e-05,,5,,,,,,0.10930591263081164,0.002091744395772422,0.10717608688316316,0.0040707734320855424,0.1551222675228558,0.002025827290108618,0.1504050257081939,0.008482052927437419,0.11670521631221105,0.0020714353764704646,0.11670521631221105,0.0020714353764704646,3
soft_bce_dice__mix_weight-0.5__dice_smooth-1e-06__soft_bce_smooth-0e+00,soft_bce_dice,0.5,0.5,1e-06,0.0,5,,,,,,0.10880608523074291,0.0015824389712989664,0.09887145458948232,0.009404513929995691,0.1562471687242656,0.0025015598338474776,0.1397525773587095,0.013163682911632023,0.11670300329122148,0.011112807407858367,0.11577271058087164,0.011829533563377624,3
focal_tversky_mix__mix_weight-0.5__alpha-0.2__gamma-3__beta-0.8,focal_tversky_mix,,,,,5,0.5,0.5,0.2,0.8,3.0,0.10870060449676223,0.010452621266770896,0.09940762850359419,0.019824476477539724,0.15926672061393607,0.013597284492173274,0.14595526204185327,0.026331260635442232,0.12139395560899323,0.0070052177489630055,0.11940483640610089,0.006859265601053468,3
soft_bce_dice__mix_weight-0.5__dice_smooth-1e-06__soft_bce_smooth-0.05,soft_bce_dice,0.5,0.5,1e-06,0.05,5,,,,,,0.10816173637862343,0.0038970373178845944,0.10114189990634144,0.005014117106025166,0.1484180447917661,0.004667005341532247,0.14150573694586213,0.007600311581940042,0.11657437338602337,0.0064237798284794085,0.11503323411042803,0.007456279112253518,3
focal_tversky_mix__mix_weight-0.2__alpha-0.2__gamma-3__beta-0.8,focal_tversky_mix,,,,,5,0.2,0.8,0.2,0.8,3.0,0.10623807551421749,0.004346297393899402,0.10253327489449741,0.003927612396642102,0.16387357310027195,0.004733467392099028,0.16232054589001552,0.004622291577806112,0.12157307397472217,0.001303308806438427,0.11554802050249678,0.006704215161348496,3
focal_tversky_mix__mix_weight-0.5__alpha-0.2__gamma-1__beta-0.8,focal_tversky_mix,,,,,5,0.5,0.5,0.2,0.8,1.0,0.10565407304294966,0.0008592956158506036,0.10411165116039965,0.002134274991197912,0.15203664838306405,0.0034403816301736925,0.14885751757602694,0.002775701899525331,0.12787766704200457,0.011518052171401392,0.12787766704200457,0.011518052171401392,3
soft_bce_dice__mix_weight-0.5__dice_smooth-1e-05__soft_bce_smooth-0.1,soft_bce_dice,0.5,0.5,1e-05,0.1,5,,,,,,0.10554580320991175,0.006396950248024337,0.10554580320991175,0.006396950248024337,0.1474315437962038,0.008640458026918414,0.1474315437962038,0.008640458026918414,0.11525350835000914,0.006378136052445402,0.11525350835000914,0.006378136052445402,3
bce_tversky__mix_weight-0.5__alpha-0.2__beta-0.8,bce_tversky,0.5,,,,5,,0.5,0.2,0.8,,0.10486730733295606,0.017446498148416843,0.10394954776324979,0.017785225571207694,0.1536329093765967,0.021050739151714824,0.15171404608452138,0.021836226183859244,0.1230495974211338,0.022849819049263923,0.1230495974211338,0.022849819049263923,3
soft_bce_dice__mix_weight-0.5__dice_smooth-1e-07__soft_bce_smooth-0.05,soft_bce_dice,0.5,0.5,1e-07,0.05,5,,,,,,0.10320471278057519,0.005533793732989075,0.0982582219653949,0.009872987728920354,0.1448935870673477,0.006279813719788569,0.13669571733618266,0.011203582803617582,0.11424875619519174,0.004573925662661548,0.11164039403413434,0.005899383945630207,3
focal_tversky_mix__mix_weight-0.5__alpha-0.2__gamma-2__beta-0.8,focal_tversky_mix,,,,,5,0.5,0.5,0.2,0.8,2.0,0.100776519525419,0.005990836668850401,0.100776519525419,0.005990836668850401,0.14661560022266829,0.00614821523055211,0.14661560022266829,0.00614821523055211,0.12584520921380832,0.0017459435063370493,0.12369954132939213,0.0017616000761567713,3
focal_tversky_mix__mix_weight-0.8__alpha-0.8__gamma-3__beta-0.2,focal_tversky_mix,,,,,5,0.8,0.19999999999999996,0.8,0.19999999999999996,3.0,0.10042442556079195,0.004861323570982234,0.08743618650618913,0.016711841535771793,0.14117109828637653,0.004487877909938681,0.12070000999222923,0.024180318310583107,0.11048045004177565,0.002776753687386068,0.10811573539838316,0.004174337744353824,3
soft_bce_dice__mix_weight-0.5__dice_smooth-1e-05__soft_bce_smooth-0.05,soft_bce_dice,0.5,0.5,1e-05,0.05,5,,,,,,0.10017791053339244,0.0053451388563777015,0.09830392853778347,0.0053139120234933735,0.13840663419728214,0.006870377545153519,0.13565790062804148,0.006734001835208557,0.11451919580982876,0.003114186915536413,0.11361890907724292,0.003936754789947067,3
soft_bce_dice__mix_weight-0.5__dice_smooth-1e-07__soft_bce_smooth-0.1,soft_bce_dice,0.5,0.5,1e-07,0.1,5,,,,,,0.09982395402987287,0.01014408522153695,0.09247049047087881,0.008516310652155362,0.14187614713155047,0.014448306645841657,0.1300341723143049,0.009527565562348388,0.11393246135099307,0.003673571853949746,0.10568964020059983,0.006908909180377778,3
focal_tversky_mix__mix_weight-0.8__alpha-0.8__gamma-2__beta-0.2,focal_tversky_mix,,,,,5,0.8,0.19999999999999996,0.8,0.19999999999999996,2.0,0.09925058107891338,0.009044826909436096,0.09522401899044501,0.009057925855508886,0.1386959822477056,0.012087051304620719,0.13307068321489582,0.01236867044756388,0.11301690524913481,0.002931094786859261,0.111194727553328,0.000623685187161346,3
soft_bce_dice__mix_weight-0.8__dice_smooth-1e-06__soft_bce_smooth-0.1,soft_bce_dice,0.8,0.19999999999999996,1e-06,0.1,5,,,,,,0.08973914458949515,0.018003930296070222,0.08973914458949515,0.018003930296070222,0.12165744365455711,0.027342257479365206,0.12165744365455711,0.027342257479365206,0.11112337717801106,0.008024042334028045,0.11112337717801106,0.008024042334028045,3
soft_bce_dice__mix_weight-0.8__dice_smooth-1e-07__soft_bce_smooth-0e+00,soft_bce_dice,0.8,0.19999999999999996,1e-07,0.0,5,,,,,,0.0871761886675894,0.018703914132956932,0.08587198479676318,0.01825169131656919,0.11881930888941712,0.027515672519216414,0.11712818259100999,0.026993222182743512,0.10925628828843598,0.004547016947057558,0.10798260449988588,0.006201903409798209,3
dice_focal__mix_weight-0.2__gamma-1,dice_focal,,0.2,,,5,0.8,,,,1.0,0.0867911288756248,0.004238498348282009,0.07757947415389992,0.016543621429053808,0.12339957082277597,0.0040932790961639015,0.10813448280875283,0.024182187959503516,0.10866760362204786,0.0024616080313073344,0.10434478885717834,0.004783733391407455,3
focal_tversky_mix__mix_weight-0.8__alpha-0.5__gamma-3__beta-0.5,focal_tversky_mix,,,,,5,0.8,0.19999999999999996,0.5,0.5,3.0,0.08670992528542194,0.011435966910268684,0.08502904341365479,0.013344068748445523,0.125205039127996,0.012607288113346134,0.12140201275728031,0.017444297038120712,0.10895017721671447,0.007378352545935,0.10820703663456861,0.007600319835429749,3
soft_bce_dice__mix_weight-0.8__dice_smooth-1e-07__soft_bce_smooth-0.1,soft_bce_dice,0.8,0.19999999999999996,1e-07,0.1,5,,,,,,0.08631191969162551,0.00969737034212083,0.08631191969162551,0.00969737034212083,0.12099298150073286,0.012938644882218483,0.12099298150073286,0.012938644882218483,0.11038957816149725,0.0038312884647995677,0.10760124406411647,0.007753373046395059,3
dice_focal__mix_weight-0.2__gamma-3,dice_focal,,0.2,,,5,0.8,,,,3.0,0.08351496157454408,0.018686365287219973,0.05723862462731962,0.004828576474380183,0.11575027310866197,0.02798918175869064,0.07944588877228496,0.0032370452379719286,0.10461974990334821,0.004908935225627854,0.0973809787770923,0.012489062566928635,3
dice_focal__mix_weight-0.2__gamma-2,dice_focal,,0.2,,,5,0.8,,,,2.0,0.07892292774739748,0.014509759196585693,0.07892292774739748,0.014509759196585693,0.11019666539221273,0.023123918243948438,0.11019666539221273,0.023123918243948438,0.10501125961394693,0.003998277976010531,0.10501125961394693,0.003998277976010531,3
bce_dice__mix_weight-0.8__dice_smooth-1e-06,bce_dice,0.8,0.19999999999999996,1e-06,,5,,,,,,0.07669276677577648,0.0198444887915137,0.0745819193473968,0.02159250777987285,0.10204000607273227,0.028492028797016872,0.10003847744461121,0.030097943168703407,0.11100630146792946,0.002965713442556987,0.10720677609684605,0.0061639090343497465,3
bce_dice__mix_weight-0.8__dice_smooth-1e-07,bce_dice,0.8,0.19999999999999996,1e-07,,5,,,,,,0.07621646955929838,0.012377664688170973,0.07494152441912823,0.014090930106465827,0.10569490322240198,0.020086412101448403,0.10455830222809626,0.021608903487613847,0.10567034922332223,0.009251904943278553,0.10337544797101599,0.009373208659818454,3
focal_tversky_mix__mix_weight-0.8__alpha-0.2__gamma-3__beta-0.8,focal_tversky_mix,,,,,5,0.8,0.19999999999999996,0.2,0.8,3.0,0.07550536869545386,0.013535388141086242,0.05777741904763359,0.00222656496803733,0.10990158335847677,0.01873321577896575,0.07952637410625096,0.004447220359178193,0.10387481100789613,0.003951710937283077,0.10387481100789613,0.003951710937283077,3
focal_tversky_mix__mix_weight-0.8__alpha-0.8__gamma-1__beta-0.2,focal_tversky_mix,,,,,5,0.8,0.19999999999999996,0.8,0.19999999999999996,1.0,0.0754241690146123,0.007707996698751435,0.05862467708889241,0.008074380635742406,0.10826039279636142,0.012394640776360799,0.07989224685369185,0.010630045375120361,0.10616650807547752,0.005594253703450931,0.10126872927981174,0.010223295269089862,3
focal_tversky_mix__mix_weight-0.8__alpha-0.5__gamma-2__beta-0.5,focal_tversky_mix,,,,,5,0.8,0.19999999999999996,0.5,0.5,2.0,0.07447277663385649,0.014916625356249852,0.07398380443325765,0.015509160874890007,0.10334472681606115,0.02207692091219718,0.10264831684696435,0.022931101734852154,0.10399190947810015,0.003696181452626421,0.10311175951702223,0.004377285630263768,3
focal_tversky_mix__mix_weight-0.8__alpha-0.5__gamma-1__beta-0.5,focal_tversky_mix,,,,,5,0.8,0.19999999999999996,0.5,0.5,1.0,0.07361513673200627,0.023124857640545726,0.07234422763535603,0.024126587058558836,0.10033921632564301,0.034141887990873795,0.09918353161979505,0.03501018544922989,0.10928239640389585,0.008878505254306565,0.10699476002992542,0.011221732446658748,3
soft_bce_dice__mix_weight-0.8__dice_smooth-1e-05__soft_bce_smooth-0.05,soft_bce_dice,0.8,0.19999999999999996,1e-05,0.05,5,,,,,,0.07359782953604256,0.018138585460975583,0.07359782953604256,0.018138585460975583,0.1005923028876227,0.025940644395542365,0.1005923028876227,0.025940644395542365,0.1057003388912378,0.0026534241457344407,0.1055380675243855,0.0028590140156066644,3
soft_bce_dice__mix_weight-0.8__dice_smooth-1e-05__soft_bce_smooth-0e+00,soft_bce_dice,0.8,0.19999999999999996,1e-05,0.0,5,,,,,,0.07356798564404134,0.018342151799303746,0.0735205338676744,0.01837877064205581,0.10043006098182726,0.0263325511090318,0.09910137363247562,0.027281959092828937,0.10736793027677238,0.0030016782477815434,0.10728099631920836,0.0030147138188251583,3
focal_tversky_mix__mix_weight-0.8__alpha-0.2__gamma-2__beta-0.8,focal_tversky_mix,,,,,5,0.8,0.19999999999999996,0.2,0.8,2.0,0.072850133896646,0.013281881975934839,0.062133569397905465,0.008325735781686643,0.10504897750864846,0.021234666094588673,0.08740600124989294,0.01565715984126454,0.09926182712006502,0.01018504603203126,0.09614915176468024,0.007125375994114058,3
bce_tversky__mix_weight-0.8__alpha-0.5__beta-0.5,bce_tversky,0.8,,,,5,,0.19999999999999996,0.5,0.5,,0.07252862140391685,0.016152398462426266,0.07129920291024405,0.016744376145006606,0.10255750783309954,0.022934058198710288,0.09777247173366425,0.024435495332083116,0.10835211986519329,0.005080844007941979,0.10697348820739606,0.005623787569809766,3
soft_bce_dice__mix_weight-0.8__dice_smooth-1e-05__soft_bce_smooth-0.1,soft_bce_dice,0.8,0.19999999999999996,1e-05,0.1,5,,,,,,0.0721207304020411,0.0186019940874558,0.0721207304020411,0.0186019940874558,0.09749369720018014,0.02722111206924412,0.09749369720018014,0.02722111206924412,0.10469295168502936,0.003667529256646722,0.10469295168502936,0.003667529256646722,3
bce_tversky__mix_weight-0.8__alpha-0.8__beta-0.2,bce_tversky,0.8,,,,5,,0.19999999999999996,0.8,0.19999999999999996,,0.07060117367341402,0.009244279518323448,0.06668960326994652,0.012405997052186857,0.09909234567508797,0.01463784379233249,0.09111739692722765,0.01897092770111503,0.10880051702210036,0.0026691611607181235,0.10508022018899144,0.006624976468513137,3
bce_dice__mix_weight-0.8__dice_smooth-1e-05,bce_dice,0.8,0.19999999999999996,1e-05,,5,,,,,,0.06938745459684995,0.011356839273761474,0.06840348502351365,0.012217127414265944,0.09603777720592942,0.01910796166211261,0.0946414689293175,0.020092647187787138,0.10423100695164356,0.005438838955087476,0.10141817003631186,0.006048777816718086,3
soft_bce_dice__mix_weight-0.8__dice_smooth-1e-07__soft_bce_smooth-0.05,soft_bce_dice,0.8,0.19999999999999996,1e-07,0.05,5,,,,,,0.06847852290940591,0.010861076561278821,0.06847852290940591,0.010861076561278821,0.09346093905362161,0.018249261213068094,0.09346093905362161,0.018249261213068094,0.10925311433340146,0.0006635569526815559,0.1079556212432347,0.0016729630167482046,3
soft_bce_dice__mix_weight-0.8__dice_smooth-1e-06__soft_bce_smooth-0.05,soft_bce_dice,0.8,0.19999999999999996,1e-06,0.05,5,,,,,,0.06614983826707492,0.004138584246344433,0.06520440999280862,0.004929197154030178,0.08865217968900246,0.009391827873187942,0.0876737245183285,0.010119866703555769,0.113065176198209,0.0010497776773447558,0.10858817624213835,0.004247331540940276,3
bce_tversky__mix_weight-0.8__alpha-0.2__beta-0.8,bce_tversky,0.8,,,,5,,0.19999999999999996,0.2,0.8,,0.06216930591086433,0.002749843980304431,0.0619623774987483,0.002850402182661229,0.0849951618104513,0.007603954797894211,0.08468788232695361,0.007827821291185491,0.10365221564545968,0.00692825653862633,0.10328029744693334,0.006609457232892217,3
soft_bce_dice__mix_weight-0.8__dice_smooth-1e-06__soft_bce_smooth-0e+00,soft_bce_dice,0.8,0.19999999999999996,1e-06,0.0,5,,,,,,0.06211691269548782,0.0015364765874475795,0.061371547572179885,0.002474635620647455,0.08282050548327174,0.002362298720899805,0.08195705212676102,0.003569951691427492,0.10889830469771807,0.005158831503877868,0.10754068650700195,0.005575580719056862,3
focal_tversky_mix__mix_weight-0.8__alpha-0.2__gamma-1__beta-0.8,focal_tversky_mix,,,,,5,0.8,0.19999999999999996,0.2,0.8,1.0,0.06147530705297901,0.005265682544239103,0.06147530705297901,0.005265682544239103,0.08226015372043788,0.0064421439501583045,0.08226015372043788,0.0064421439501583045,0.10917995077725529,0.009721823537702031,0.10917995077725529,0.009721823537702031,3
