experiment_name,loss_mode,repeat_idx,seed,bce_weight,dice_weight,dice_smooth,soft_bce_smooth,best_miou,last_miou,best_macro_f1,last_macro_f1,best_rare_miou,last_rare_miou,epochs,focal_weight,tversky_weight,tversky_alpha,tversky_beta,focal_gamma
soft_bce_dice__mix_weight-0.2__dice_smooth-1e-07__soft_bce_smooth-0e+00,soft_bce_dice,0,42,0.2,0.8,1e-07,0.0,0.13642619613572962,0.13642619613572962,0.20266248616737703,0.20266248616737703,0.11632341841169566,0.11632341841169566,5,,,,,
soft_bce_dice__mix_weight-0.2__dice_smooth-1e-07__soft_bce_smooth-0e+00,soft_bce_dice,1,43,0.2,0.8,1e-07,0.0,0.1333566643696924,0.1333566643696924,0.20892629076918715,0.20892629076918715,0.13554762758171995,0.13554762758171995,5,,,,,
soft_bce_dice__mix_weight-0.2__dice_smooth-1e-07__soft_bce_smooth-0e+00,soft_bce_dice,2,44,0.2,0.8,1e-07,0.0,0.13696548934027822,0.11928539141832327,0.20579825966986248,0.18805203519348956,0.14229393326412526,0.12737438848655308,5,,,,,
soft_bce_dice__mix_weight-0.2__dice_smooth-1e-07__soft_bce_smooth-0.05,soft_bce_dice,0,42,0.2,0.8,1e-07,0.05,0.13373578313095957,0.1322114881029236,0.20479810152944183,0.20479810152944183,0.143314639377312,0.1291334517164896,5,,,,,
soft_bce_dice__mix_weight-0.2__dice_smooth-1e-07__soft_bce_smooth-0.05,soft_bce_dice,1,43,0.2,0.8,1e-07,0.05,0.13652217599381422,0.13652217599381422,0.20821063215059016,0.20821063215059016,0.1391017371055237,0.1391017371055237,5,,,,,
soft_bce_dice__mix_weight-0.2__dice_smooth-1e-07__soft_bce_smooth-0.05,soft_bce_dice,2,44,0.2,0.8,1e-07,0.05,0.15528555288963522,0.14327849121491906,0.23773409429249184,0.22490576501891038,0.15898972553967514,0.1575890373336018,5,,,,,
soft_bce_dice__mix_weight-0.2__dice_smooth-1e-07__soft_bce_smooth-0.1,soft_bce_dice,0,42,0.2,0.8,1e-07,0.1,0.11969180812837478,0.11969180812837478,0.18058318734775494,0.18058318734775494,0.13149259332208046,0.10093798861613705,5,,,,,
soft_bce_dice__mix_weight-0.2__dice_smooth-1e-07__soft_bce_smooth-0.1,soft_bce_dice,1,43,0.2,0.8,1e-07,0.1,0.125380926340138,0.125380926340138,0.18743679804777308,0.18743679804777308,0.14300896705921803,0.14300896705921803,5,,,,,
soft_bce_dice__mix_weight-0.2__dice_smooth-1e-07__soft_bce_smooth-0.1,soft_bce_dice,2,44,0.2,0.8,1e-07,0.1,0.1321051476380118,0.1321051476380118,0.2114120639151417,0.2114120639151417,0.1329972801756098,0.1329972801756098,5,,,,,
soft_bce_dice__mix_weight-0.2__dice_smooth-1e-06__soft_bce_smooth-0e+00,soft_bce_dice,0,42,0.2,0.8,1e-06,0.0,0.13682724546269742,0.13682724546269742,0.20938263969073356,0.20938263969073356,0.13969468012931346,0.11471422783774843,5,,,,,
soft_bce_dice__mix_weight-0.2__dice_smooth-1e-06__soft_bce_smooth-0e+00,soft_bce_dice,1,43,0.2,0.8,1e-06,0.0,0.13257138092732382,0.13257138092732382,0.20314753254236195,0.20314753254236195,0.13928679513661854,0.13928679513661854,5,,,,,
soft_bce_dice__mix_weight-0.2__dice_smooth-1e-06__soft_bce_smooth-0e+00,soft_bce_dice,2,44,0.2,0.8,1e-06,0.0,0.13823920038167328,0.13823920038167328,0.21454255076941445,0.21454255076941445,0.14365137917150578,0.14365137917150578,5,,,,,
soft_bce_dice__mix_weight-0.2__dice_smooth-1e-06__soft_bce_smooth-0.05,soft_bce_dice,0,42,0.2,0.8,1e-06,0.05,0.1419996380673719,0.1419996380673719,0.21900774448870272,0.21900774448870272,0.13542997477532262,0.12665263410814856,5,,,,,
soft_bce_dice__mix_weight-0.2__dice_smooth-1e-06__soft_bce_smooth-0.05,soft_bce_dice,1,43,0.2,0.8,1e-06,0.05,0.12599608148938557,0.08955655417321595,0.18512691387093874,0.1510217048232813,0.14465644402958264,0.09943112863797751,5,,,,,
soft_bce_dice__mix_weight-0.2__dice_smooth-1e-06__soft_bce_smooth-0.05,soft_bce_dice,2,44,0.2,0.8,1e-06,0.05,0.1610694237870628,0.1352645686886185,0.2442700363301832,0.214143325067918,0.15324526313429476,0.14792754463580451,5,,,,,
soft_bce_dice__mix_weight-0.2__dice_smooth-1e-06__soft_bce_smooth-0.1,soft_bce_dice,0,42,0.2,0.8,1e-06,0.1,0.13562286607118923,0.13562286607118923,0.20759527722710516,0.20759527722710516,0.12467878955884408,0.12467878955884408,5,,,,,
soft_bce_dice__mix_weight-0.2__dice_smooth-1e-06__soft_bce_smooth-0.1,soft_bce_dice,1,43,0.2,0.8,1e-06,0.1,0.13283658320494166,0.13283658320494166,0.19863517703351888,0.19863517703351888,0.14450111203411797,0.14450111203411797,5,,,,,
soft_bce_dice__mix_weight-0.2__dice_smooth-1e-06__soft_bce_smooth-0.1,soft_bce_dice,2,44,0.2,0.8,1e-06,0.1,0.1386698577213938,0.11989688513341815,0.20136395172228944,0.18999211651148828,0.14594231225597382,0.14272998135859313,5,,,,,
soft_bce_dice__mix_weight-0.2__dice_smooth-1e-05__soft_bce_smooth-0e+00,soft_bce_dice,0,42,0.2,0.8,1e-05,0.0,0.12542482997932775,0.12542482997932775,0.19168896218303905,0.19168896218303905,0.13790965590311727,0.118902981089266,5,,,,,
soft_bce_dice__mix_weight-0.2__dice_smooth-1e-05__soft_bce_smooth-0e+00,soft_bce_dice,1,43,0.2,0.8,1e-05,0.0,0.11531664996662425,0.10736446428446822,0.16913971984381768,0.16659202593517067,0.1299011662346173,0.12172189674641547,5,,,,,
soft_bce_dice__mix_weight-0.2__dice_smooth-1e-05__soft_bce_smooth-0e+00,soft_bce_dice,2,44,0.2,0.8,1e-05,0.0,0.1346466379259439,0.13417779357891765,0.2075228461596306,0.2075228461596306,0.14925531143538928,0.14925531143538928,5,,,,,
soft_bce_dice__mix_weight-0.2__dice_smooth-1e-05__soft_bce_smooth-0.05,soft_bce_dice,0,42,0.2,0.8,1e-05,0.05,0.12380982578005834,0.12380982578005834,0.18266906460025234,0.18266906460025234,0.13385535385066177,0.11185046830893337,5,,,,,
soft_bce_dice__mix_weight-0.2__dice_smooth-1e-05__soft_bce_smooth-0.05,soft_bce_dice,1,43,0.2,0.8,1e-05,0.05,0.1346936931274385,0.1346936931274385,0.20876183643795537,0.20876183643795537,0.1374327557518289,0.1374327557518289,5,,,,,
soft_bce_dice__mix_weight-0.2__dice_smooth-1e-05__soft_bce_smooth-0.05,soft_bce_dice,2,44,0.2,0.8,1e-05,0.05,0.15319515626680077,0.15319515626680077,0.23674787455983282,0.23674787455983282,0.16912402317387767,0.16912402317387767,5,,,,,
soft_bce_dice__mix_weight-0.2__dice_smooth-1e-05__soft_bce_smooth-0.1,soft_bce_dice,0,42,0.2,0.8,1e-05,0.1,0.1443128208227668,0.1443128208227668,0.2214434515322494,0.2214434515322494,0.14491351308707598,0.12385013990246323,5,,,,,
soft_bce_dice__mix_weight-0.2__dice_smooth-1e-05__soft_bce_smooth-0.1,soft_bce_dice,1,43,0.2,0.8,1e-05,0.1,0.14881599058859393,0.14881599058859393,0.22648071981360163,0.22648071981360163,0.15515051780611738,0.15515051780611738,5,,,,,
soft_bce_dice__mix_weight-0.2__dice_smooth-1e-05__soft_bce_smooth-0.1,soft_bce_dice,2,44,0.2,0.8,1e-05,0.1,0.1673640741736727,0.14295075074999886,0.2534332225615163,0.22796594061193629,0.16443692593015052,0.14852646461434932,5,,,,,
soft_bce_dice__mix_weight-0.5__dice_smooth-1e-07__soft_bce_smooth-0e+00,soft_bce_dice,0,42,0.5,0.5,1e-07,0.0,0.10754239265083383,0.09252429862083006,0.15467393191836767,0.13150462038455638,0.12958451180191208,0.12958451180191208,5,,,,,
soft_bce_dice__mix_weight-0.5__dice_smooth-1e-07__soft_bce_smooth-0e+00,soft_bce_dice,1,43,0.5,0.5,1e-07,0.0,0.10588912601537895,0.10381499090378442,0.1484307101082164,0.14541851543602355,0.1107927809564034,0.1107927809564034,5,,,,,
soft_bce_dice__mix_weight-0.5__dice_smooth-1e-07__soft_bce_smooth-0e+00,soft_bce_dice,2,44,0.5,0.5,1e-07,0.0,0.1191400502261321,0.1191400502261321,0.17261225213585862,0.17261225213585862,0.1394199951457984,0.1394199951457984,5,,,,,
soft_bce_dice__mix_weight-0.5__dice_smooth-1e-07__soft_bce_smooth-0.05,soft_bce_dice,0,42,0.5,0.5,1e-07,0.05,0.10139358328329307,0.08655411083775214,0.14784105577329198,0.12324744657979683,0.11409508605842941,0.10632811484954934,5,,,,,
soft_bce_dice__mix_weight-0.5__dice_smooth-1e-07__soft_bce_smooth-0.05,soft_bce_dice,1,43,0.5,0.5,1e-07,0.05,0.11070377182867233,0.11070377182867233,0.1506750861154094,0.1506750861154094,0.10872528028398154,0.10872528028398154,5,,,,,
soft_bce_dice__mix_weight-0.5__dice_smooth-1e-07__soft_bce_smooth-0.05,soft_bce_dice,2,44,0.5,0.5,1e-07,0.05,0.09751678322976019,0.09751678322976019,0.13616461931334178,0.13616461931334178,0.11992590224316424,0.11986778696887213,5,,,,,
soft_bce_dice__mix_weight-0.5__dice_smooth-1e-07__soft_bce_smooth-0.1,soft_bce_dice,0,42,0.5,0.5,1e-07,0.1,0.11327562178189149,0.10185637951211701,0.16154511883037082,0.14000804626991847,0.11673061676064019,0.1112225183545205,5,,,,,
soft_bce_dice__mix_weight-0.5__dice_smooth-1e-07__soft_bce_smooth-0.1,soft_bce_dice,1,43,0.5,0.5,1e-07,0.1,0.08878034601784354,0.08124148170140201,0.12724801844691971,0.11720165460238922,0.10874254732989383,0.09594896399012712,5,,,,,
soft_bce_dice__mix_weight-0.5__dice_smooth-1e-07__soft_bce_smooth-0.1,soft_bce_dice,2,44,0.5,0.5,1e-07,0.1,0.09741589428988362,0.09431361019911744,0.1368353041173609,0.13289281607060693,0.1163242199624452,0.1098974382571519,5,,,,,
soft_bce_dice__mix_weight-0.5__dice_smooth-1e-06__soft_bce_smooth-0e+00,soft_bce_dice,0,42,0.5,0.5,1e-06,0.0,0.10760841389414597,0.08814136506881899,0.1527319357630717,0.12639173634050666,0.10889467485958756,0.10889467485958756,5,,,,,
soft_bce_dice__mix_weight-0.5__dice_smooth-1e-06__soft_bce_smooth-0e+00,soft_bce_dice,1,43,0.5,0.5,1e-06,0.0,0.10776774125894405,0.09743089816048928,0.15834982915116555,0.13520625447706217,0.10879555296650967,0.10600467483546014,5,,,,,
soft_bce_dice__mix_weight-0.5__dice_smooth-1e-06__soft_bce_smooth-0e+00,soft_bce_dice,2,44,0.5,0.5,1e-06,0.0,0.11104210053913868,0.11104210053913868,0.15765974125855967,0.15765974125855967,0.1324187820475672,0.1324187820475672,5,,,,,
soft_bce_dice__mix_weight-0.5__dice_smooth-1e-06__soft_bce_smooth-0.05,soft_bce_dice,0,42,0.5,0.5,1e-06,0.05,0.10265070993901079,0.09568432160869264,0.14224088697953263,0.13297246830207096,0.11073594848556334,0.11073594848556334,5,,,,,
soft_bce_dice__mix_weight-0.5__dice_smooth-1e-06__soft_bce_smooth-0.05,soft_bce_dice,1,43,0.5,0.5,1e-06,0.05,0.1108749356303403,0.09994982373317687,0.14949330571283725,0.1401124597045329,0.11346598125910712,0.10884256343232106,5,,,,,
soft_bce_dice__mix_weight-0.5__dice_smooth-1e-06__soft_bce_smooth-0.05,soft_bce_dice,2,44,0.5,0.5,1e-06,0.05,0.11095956356651923,0.10779155437715485,0.15351994168292843,0.1514322828309825,0.12552119041339965,0.12552119041339965,5,,,,,
soft_bce_dice__mix_weight-0.5__dice_smooth-1e-06__soft_bce_smooth-0.1,soft_bce_dice,0,42,0.5,0.5,1e-06,0.1,0.1122417619632098,0.1122417619632098,0.1563262464012581,0.1563262464012581,0.1158078077425575,0.1158078077425575,5,,,,,
soft_bce_dice__mix_weight-0.5__dice_smooth-1e-06__soft_bce_smooth-0.1,soft_bce_dice,1,43,0.5,0.5,1e-06,0.1,0.1091577134276742,0.1091577134276742,0.14956801132228298,0.14956801132228298,0.1167217020799091,0.1167217020799091,5,,,,,
soft_bce_dice__mix_weight-0.5__dice_smooth-1e-06__soft_bce_smooth-0.1,soft_bce_dice,2,44,0.5,0.5,1e-06,0.1,0.10782908018689234,0.10782908018689234,0.14793495737593412,0.14793495737593412,0.11877897703842015,0.11877897703842015,5,,,,,
soft_bce_dice__mix_weight-0.5__dice_smooth-1e-05__soft_bce_smooth-0e+00,soft_bce_dice,0,42,0.5,0.5,1e-05,0.0,0.10687653255596924,0.0882447172190813,0.14937830875097072,0.12763996035566766,0.12472115966987365,0.12472115966987365,5,,,,,
soft_bce_dice__mix_weight-0.5__dice_smooth-1e-05__soft_bce_smooth-0e+00,soft_bce_dice,1,43,0.5,0.5,1e-05,0.0,0.1099825383774416,0.1099825383774416,0.15411723131871743,0.15411723131871743,0.11486671247462574,0.11486671247462574,5,,,,,
soft_bce_dice__mix_weight-0.5__dice_smooth-1e-05__soft_bce_smooth-0e+00,soft_bce_dice,2,44,0.5,0.5,1e-05,0.0,0.13160855311276326,0.13160855311276326,0.18434490859693034,0.18434490859693034,0.12843703386166477,0.12843703386166477,5,,,,,
soft_bce_dice__mix_weight-0.5__dice_smooth-1e-05__soft_bce_smooth-0.05,soft_bce_dice,0,42,0.5,0.5,1e-05,0.05,0.09287462064894217,0.09287462064894217,0.1288848302141312,0.1288848302141312,0.11243808746634543,0.11243808746634543,5,,,,,
soft_bce_dice__mix_weight-0.5__dice_smooth-1e-05__soft_bce_smooth-0.05,soft_bce_dice,1,43,0.5,0.5,1e-05,0.05,0.10214070031939408,0.09651875433256714,0.14149285171133266,0.13324665100361074,0.11219835424997908,0.10949749405222162,5,,,,,
soft_bce_dice__mix_weight-0.5__dice_smooth-1e-05__soft_bce_smooth-0.05,soft_bce_dice,2,44,0.5,0.5,1e-05,0.05,0.1055184106318411,0.1055184106318411,0.1448422206663825,0.1448422206663825,0.11892114571316173,0.11892114571316173,5,,,,,
soft_bce_dice__mix_weight-0.5__dice_smooth-1e-05__soft_bce_smooth-0.1,soft_bce_dice,0,42,0.5,0.5,1e-05,0.1,0.11096429162217368,0.11096429162217368,0.1486299310530679,0.1486299310530679,0.11421848643057211,0.11421848643057211,5,,,,,
soft_bce_dice__mix_weight-0.5__dice_smooth-1e-05__soft_bce_smooth-0.1,soft_bce_dice,1,43,0.5,0.5,1e-05,0.1,0.0965626888897136,0.0965626888897136,0.13630100773865342,0.13630100773865342,0.10801102726881877,0.10801102726881877,5,,,,,
soft_bce_dice__mix_weight-0.5__dice_smooth-1e-05__soft_bce_smooth-0.1,soft_bce_dice,2,44,0.5,0.5,1e-05,0.1,0.10911042911784796,0.10911042911784796,0.15736369259689004,0.15736369259689004,0.12353101135063656,0.12353101135063656,5,,,,,
soft_bce_dice__mix_weight-0.8__dice_smooth-1e-07__soft_bce_smooth-0e+00,soft_bce_dice,0,42,0.8,0.19999999999999996,1e-07,0.0,0.061297835252087735,0.06123494850227667,0.08028281051792759,0.07981434984763837,0.11033610345375792,0.110222907304098,5,,,,,
soft_bce_dice__mix_weight-0.8__dice_smooth-1e-07__soft_bce_smooth-0e+00,soft_bce_dice,1,43,0.8,0.19999999999999996,1e-07,0.0,0.09537324304284661,0.09152351818017908,0.1334107994513626,0.12880588122643044,0.10322652241235808,0.09951866719636768,5,,,,,
soft_bce_dice__mix_weight-0.8__dice_smooth-1e-07__soft_bce_smooth-0e+00,soft_bce_dice,2,44,0.8,0.19999999999999996,1e-07,0.0,0.10485748770783382,0.10485748770783382,0.14276431669896114,0.14276431669896114,0.11420623899919191,0.11420623899919191,5,,,,,
soft_bce_dice__mix_weight-0.8__dice_smooth-1e-07__soft_bce_smooth-0.05,soft_bce_dice,0,42,0.8,0.19999999999999996,1e-07,0.05,0.0605939191181856,0.0605939191181856,0.08211004531774836,0.08211004531774836,0.10831907900368212,0.10831907900368212,5,,,,,
soft_bce_dice__mix_weight-0.8__dice_smooth-1e-07__soft_bce_smooth-0.05,soft_bce_dice,1,43,0.8,0.19999999999999996,1e-07,0.05,0.061005079389295475,0.061005079389295475,0.07906348850285276,0.07906348850285276,0.10979852361965718,0.10979852361965718,5,,,,,
soft_bce_dice__mix_weight-0.8__dice_smooth-1e-07__soft_bce_smooth-0.05,soft_bce_dice,2,44,0.8,0.19999999999999996,1e-07,0.05,0.08383657022073668,0.08383657022073668,0.11920928334026369,0.11920928334026369,0.10964174037686511,0.10574926110636478,5,,,,,
soft_bce_dice__mix_weight-0.8__dice_smooth-1e-07__soft_bce_smooth-0.1,soft_bce_dice,0,42,0.8,0.19999999999999996,1e-07,0.1,0.0778907517582167,0.0778907517582167,0.10719520986872776,0.10719520986872776,0.11376017982482489,0.11376017982482489,5,,,,,
soft_bce_dice__mix_weight-0.8__dice_smooth-1e-07__soft_bce_smooth-0.1,soft_bce_dice,1,43,0.8,0.19999999999999996,1e-07,0.1,0.0811485271645274,0.0811485271645274,0.11748374930359229,0.11748374930359229,0.10503039106714931,0.096665388775007,5,,,,,
soft_bce_dice__mix_weight-0.8__dice_smooth-1e-07__soft_bce_smooth-0.1,soft_bce_dice,2,44,0.8,0.19999999999999996,1e-07,0.1,0.09989648015213246,0.09989648015213246,0.13829998532987853,0.13829998532987853,0.11237816359251754,0.11237816359251754,5,,,,,
soft_bce_dice__mix_weight-0.8__dice_smooth-1e-06__soft_bce_smooth-0e+00,soft_bce_dice,0,42,0.8,0.19999999999999996,1e-06,0.0,0.060337970580953595,0.058101875211029795,0.07953544301183338,0.07694508294230117,0.10860834704571647,0.10453549247356819,5,,,,,
soft_bce_dice__mix_weight-0.8__dice_smooth-1e-06__soft_bce_smooth-0e+00,soft_bce_dice,1,43,0.8,0.19999999999999996,1e-06,0.0,0.0619257986471227,0.0619257986471227,0.08498930308615466,0.08498930308615466,0.1027300231023408,0.1027300231023408,5,,,,,
soft_bce_dice__mix_weight-0.8__dice_smooth-1e-06__soft_bce_smooth-0e+00,soft_bce_dice,2,44,0.8,0.19999999999999996,1e-06,0.0,0.06408696885838716,0.06408696885838716,0.08393677035182721,0.08393677035182721,0.1153565439450969,0.1153565439450969,5,,,,,
soft_bce_dice__mix_weight-0.8__dice_smooth-1e-06__soft_bce_smooth-0.05,soft_bce_dice,0,42,0.8,0.19999999999999996,1e-06,0.05,0.06330380757277349,0.060467522749974606,0.08237160464352354,0.07943623913150163,0.11394685363099229,0.10884154094995428,5,,,,,
soft_bce_dice__mix_weight-0.8__dice_smooth-1e-06__soft_bce_smooth-0.05,soft_bce_dice,1,43,0.8,0.19999999999999996,1e-06,0.05,0.0720019507357004,0.0720019507357004,0.1019278226087157,0.1019278226087157,0.11158991327668315,0.10326422608950918,5,,,,,
soft_bce_dice__mix_weight-0.8__dice_smooth-1e-06__soft_bce_smooth-0.05,soft_bce_dice,2,44,0.8,0.19999999999999996,1e-06,0.05,0.06314375649275086,0.06314375649275086,0.08165711181476815,0.08165711181476815,0.11365876168695155,0.11365876168695155,5,,,,,
soft_bce_dice__mix_weight-0.8__dice_smooth-1e-06__soft_bce_smooth-0.1,soft_bce_dice,0,42,0.8,0.19999999999999996,1e-06,0.1,0.06452336123745692,0.06452336123745692,0.08324600914974724,0.08324600914974724,0.11614205022742245,0.11614205022742245,5,,,,,
soft_bce_dice__mix_weight-0.8__dice_smooth-1e-06__soft_bce_smooth-0.1,soft_bce_dice,1,43,0.8,0.19999999999999996,1e-06,0.1,0.09929163750006045,0.09929163750006045,0.13701350630376963,0.13701350630376963,0.09979998519144531,0.09979998519144531,5,,,,,
soft_bce_dice__mix_weight-0.8__dice_smooth-1e-06__soft_bce_smooth-0.1,soft_bce_dice,2,44,0.8,0.19999999999999996,1e-06,0.1,0.10540243503096806,0.10540243503096806,0.14471281551015444,0.14471281551015444,0.11742809611516544,0.11742809611516544,5,,,,,
soft_bce_dice__mix_weight-0.8__dice_smooth-1e-05__soft_bce_smooth-0e+00,soft_bce_dice,0,42,0.8,0.19999999999999996,1e-05,0.0,0.05944655073645163,0.059304195407350845,0.08260373640987975,0.07861767436182486,0.10700379132561293,0.10674298945292086,5,,,,,
soft_bce_dice__mix_weight-0.8__dice_smooth-1e-05__soft_bce_smooth-0e+00,soft_bce_dice,1,43,0.8,0.19999999999999996,1e-05,0.0,0.09947255106092702,0.09947255106092702,0.13765879294344666,0.13765879294344666,0.10388726026216262,0.10388726026216262,5,,,,,
soft_bce_dice__mix_weight-0.8__dice_smooth-1e-05__soft_bce_smooth-0e+00,soft_bce_dice,2,44,0.8,0.19999999999999996,1e-05,0.0,0.061784855134745346,0.061784855134745346,0.08102765359215537,0.08102765359215537,0.11121273924254163,0.11121273924254163,5,,,,,
soft_bce_dice__mix_weight-0.8__dice_smooth-1e-05__soft_bce_smooth-0.05,soft_bce_dice,0,42,0.8,0.19999999999999996,1e-05,0.05,0.05881479741802699,0.05881479741802699,0.07784606033235206,0.07784606033235206,0.10586663535244858,0.10586663535244858,5,,,,,
soft_bce_dice__mix_weight-0.8__dice_smooth-1e-05__soft_bce_smooth-0.05,soft_bce_dice,1,43,0.8,0.19999999999999996,1e-05,0.05,0.06283421147723228,0.06283421147723228,0.08703889442891947,0.08703889442891947,0.10237061574836079,0.10188380164780397,5,,,,,
soft_bce_dice__mix_weight-0.8__dice_smooth-1e-05__soft_bce_smooth-0.05,soft_bce_dice,2,44,0.8,0.19999999999999996,1e-05,0.05,0.09914447971286844,0.09914447971286844,0.1368919539015966,0.1368919539015966,0.108863765572904,0.108863765572904,5,,,,,
soft_bce_dice__mix_weight-0.8__dice_smooth-1e-05__soft_bce_smooth-0.1,soft_bce_dice,0,42,0.8,0.19999999999999996,1e-05,0.1,0.057010515815247534,0.057010515815247534,0.07639833641152254,0.07639833641152254,0.10261892846744555,0.10261892846744555,5,,,,,
soft_bce_dice__mix_weight-0.8__dice_smooth-1e-05__soft_bce_smooth-0.1,soft_bce_dice,1,43,0.8,0.19999999999999996,1e-05,0.1,0.09832556523769434,0.09832556523769434,0.13592905817799952,0.13592905817799952,0.10161292831191597,0.10161292831191597,5,,,,,
soft_bce_dice__mix_weight-0.8__dice_smooth-1e-05__soft_bce_smooth-0.1,soft_bce_dice,2,44,0.8,0.19999999999999996,1e-05,0.1,0.06102611015318143,0.06102611015318143,0.08015369701101838,0.08015369701101838,0.10984699827572657,0.10984699827572657,5,,,,,
bce_dice__mix_weight-0.2__dice_smooth-1e-07,bce_dice,0,42,0.2,0.8,1e-07,,0.1417403591876555,0.1417403591876555,0.20864478693148472,0.20864478693148472,0.1417751991115867,0.11557427321850042,5,,,,,
bce_dice__mix_weight-0.2__dice_smooth-1e-07,bce_dice,1,43,0.2,0.8,1e-07,,0.13303997916805363,0.13303997916805363,0.19903453615330463,0.19903453615330463,0.13555500921379393,0.13268774431838476,5,,,,,
bce_dice__mix_weight-0.2__dice_smooth-1e-07,bce_dice,2,44,0.2,0.8,1e-07,,0.12778792508684336,0.12348565944417864,0.1951871110992545,0.1951871110992545,0.1460502067923847,0.13201590031371924,5,,,,,
bce_dice__mix_weight-0.2__dice_smooth-1e-06,bce_dice,0,42,0.2,0.8,1e-06,,0.12373853348455088,0.12373853348455088,0.1883207355541084,0.1883207355541084,0.12878423297116692,0.11176214661205519,5,,,,,
bce_dice__mix_weight-0.2__dice_smooth-1e-06,bce_dice,1,43,0.2,0.8,1e-06,,0.13432941309387839,0.13432941309387839,0.20202513963168156,0.20202513963168156,0.15090223256276736,0.15090223256276736,5,,,,,
bce_dice__mix_weight-0.2__dice_smooth-1e-06,bce_dice,2,44,0.2,0.8,1e-06,,0.13276091596545114,0.13276091596545114,0.20635018709822228,0.20635018709822228,0.1426517454067681,0.1426517454067681,5,,,,,
bce_dice__mix_weight-0.2__dice_smooth-1e-05,bce_dice,0,42,0.2,0.8,1e-05,,0.12311897685595888,0.12311897685595888,0.1890941068996681,0.1890941068996681,0.12535313747307072,0.102913430866472,5,,,,,
bce_dice__mix_weight-0.2__dice_smooth-1e-05,bce_dice,1,43,0.2,0.8,1e-05,,0.12967419545554673,0.12967419545554673,0.19689364843176693,0.19689364843176693,0.13858935013175883,0.13858935013175883,5,,,,,
bce_dice__mix_weight-0.2__dice_smooth-1e-05,bce_dice,2,44,0.2,0.8,1e-05,,0.1583756504099713,0.14364817470351496,0.24175150159069692,0.22163167313299292,0.1594572038600549,0.15689806918543542,5,,,,,
bce_dice__mix_weight-0.5__dice_smooth-1e-07,bce_dice,0,42,0.5,0.5,1e-07,,0.11441456323658741,0.11441456323658741,0.16441619375237573,0.16441619375237573,0.13003176356307186,0.13003176356307186,5,,,,,
bce_dice__mix_weight-0.5__dice_smooth-1e-07,bce_dice,1,43,0.5,0.5,1e-07,,0.10120692435014994,0.09174780510624445,0.13991794668764224,0.12853163795725708,0.10441399550318135,0.10441399550318135,5,,,,,
bce_dice__mix_weight-0.5__dice_smooth-1e-07,bce_dice,2,44,0.5,0.5,1e-07,,0.11321611294144213,0.11321611294144213,0.16739827210893246,0.16739827210893246,0.13155844435461644,0.13155844435461644,5,,,,,
bce_dice__mix_weight-0.5__dice_smooth-1e-06,bce_dice,0,42,0.5,0.5,1e-06,,0.1172997538066934,0.1017235096690587,0.17310528426596028,0.14797755575073906,0.12962840620112934,0.12962840620112934,5,,,,,
bce_dice__mix_weight-0.5__dice_smooth-1e-06,bce_dice,1,43,0.5,0.5,1e-06,,0.10237117541569007,0.10237117541569007,0.1430516874637089,0.1430516874637089,0.11114377319052963,0.10976496320220852,5,,,,,
bce_dice__mix_weight-0.5__dice_smooth-1e-06,bce_dice,2,44,0.5,0.5,1e-06,,0.11221578362166218,0.11221578362166218,0.1600451127677816,0.1600451127677816,0.13565926881488502,0.13565926881488502,5,,,,,
bce_dice__mix_weight-0.5__dice_smooth-1e-05,bce_dice,0,42,0.5,0.5,1e-05,,0.10986334495184438,0.10824114303436676,0.1551071590140329,0.1551071590140329,0.11901903856172166,0.11901903856172166,5,,,,,
bce_dice__mix_weight-0.5__dice_smooth-1e-05,bce_dice,1,43,0.5,0.5,1e-05,,0.10651123863450608,0.10174396330903827,0.1526487346942038,0.13849700925021818,0.11399236922264477,0.11399236922264477,5,,,,,
bce_dice__mix_weight-0.5__dice_smooth-1e-05,bce_dice,2,44,0.5,0.5,1e-05,,0.11154315430608447,0.11154315430608447,0.15761090886033063,0.15761090886033063,0.1171042411522667,0.1171042411522667,5,,,,,
bce_dice__mix_weight-0.8__dice_smooth-1e-07,bce_dice,0,42,0.8,0.19999999999999996,1e-07,,0.059707226696501255,0.05588239127599083,0.07890580331294694,0.07549600033002979,0.10747300805370226,0.10058830429678349,5,,,,,
bce_dice__mix_weight-0.8__dice_smooth-1e-07,bce_dice,1,43,0.8,0.19999999999999996,1e-07,,0.08951029229368918,0.08951029229368918,0.1272719968644401,0.1272719968644401,0.09354585476991181,0.09354585476991181,5,,,,,
bce_dice__mix_weight-0.8__dice_smooth-1e-07,bce_dice,2,44,0.8,0.19999999999999996,1e-07,,0.07943188968770469,0.07943188968770469,0.11090690948981885,0.11090690948981885,0.11599218484635263,0.11599218484635263,5,,,,,
bce_dice__mix_weight-0.8__dice_smooth-1e-06,bce_dice,0,42,0.8,0.19999999999999996,1e-06,,0.06164636829108759,0.05531382600594858,0.08053688013471068,0.07453229425034752,0.11096346292395767,0.09956488681070744,5,,,,,
bce_dice__mix_weight-0.8__dice_smooth-1e-06,bce_dice,1,43,0.8,0.19999999999999996,1e-06,,0.10473205781394629,0.10473205781394629,0.1423026726914754,0.1423026726914754,0.10739566787969874,0.10739566787969874,5,,,,,
bce_dice__mix_weight-0.8__dice_smooth-1e-06,bce_dice,2,44,0.8,0.19999999999999996,1e-06,,0.06369987422229553,0.06369987422229553,0.08328046539201071,0.08328046539201071,0.11465977360013195,0.11465977360013195,5,,,,,
bce_dice__mix_weight-0.8__dice_smooth-1e-05,bce_dice,0,42,0.8,0.19999999999999996,1e-05,,0.06006602219642728,0.05711411347641837,0.07843074401962526,0.07624295182144807,0.1081188399535691,0.10280540425755307,5,,,,,
bce_dice__mix_weight-0.8__dice_smooth-1e-05,bce_dice,1,43,0.8,0.19999999999999996,1e-05,,0.08537512409167407,0.08537512409167407,0.12259419736732734,0.12259419736732734,0.09653948054038593,0.09341440549040692,5,,,,,
bce_dice__mix_weight-0.8__dice_smooth-1e-05,bce_dice,2,44,0.8,0.19999999999999996,1e-05,,0.0627212175024485,0.0627212175024485,0.08708839023083564,0.08508725759917711,0.1080347003609756,0.1080347003609756,5,,,,,
focal_tversky_mix__mix_weight-0.2__alpha-0.2__gamma-1__beta-0.8,focal_tversky_mix,0,42,,,,,0.11954743380164921,0.11954743380164921,0.1859766572133785,0.1859766572133785,0.1212539068856312,0.1212539068856312,5,0.2,0.8,0.2,0.8,1.0
focal_tversky_mix__mix_weight-0.2__alpha-0.2__gamma-1__beta-0.8,focal_tversky_mix,1,43,,,,,0.10990480319553285,0.10635688624169844,0.1611283079910531,0.1611283079910531,0.12284050721647481,0.11618509300853848,5,0.2,0.8,0.2,0.8,1.0
focal_tversky_mix__mix_weight-0.2__alpha-0.2__gamma-1__beta-0.8,focal_tversky_mix,2,44,,,,,0.14108555235261858,0.14108555235261858,0.21903235618204775,0.21903235618204775,0.15936062485721866,0.15936062485721866,5,0.2,0.8,0.2,0.8,1.0
focal_tversky_mix__mix_weight-0.2__alpha-0.2__gamma-2__beta-0.8,focal_tversky_mix,0,42,,,,,0.127594439050196,0.11858408536131172,0.1921819129146622,0.18701557844450728,0.12297145161964258,0.11307601834669394,5,0.2,0.8,0.2,0.8,2.0
focal_tversky_mix__mix_weight-0.2__alpha-0.2__gamma-2__beta-0.8,focal_tversky_mix,1,43,,,,,0.11426673228724273,0.11426673228724273,0.17133638318500302,0.17133638318500302,0.11518352786471556,0.11509003960390471,5,0.2,0.8,0.2,0.8,2.0
focal_tversky_mix__mix_weight-0.2__alpha-0.2__gamma-2__beta-0.8,focal_tversky_mix,2,44,,,,,0.11100352697138142,0.11100352697138142,0.1667509426817141,0.1667509426817141,0.12924652526432895,0.12924652526432895,5,0.2,0.8,0.2,0.8,2.0
focal_tversky_mix__mix_weight-0.2__alpha-0.2__gamma-3__beta-0.8,focal_tversky_mix,0,42,,,,,0.10276622669611966,0.10068541256225642,0.16354909332945403,0.16354909332945403,0.11973009657754449,0.10647690487438925,5,0.2,0.8,0.2,0.8,3.0
focal_tversky_mix__mix_weight-0.2__alpha-0.2__gamma-3__beta-0.8,focal_tversky_mix,1,43,,,,,0.10358137532144467,0.09892087909839409,0.15824533761773016,0.15614602284700393,0.12251684501001744,0.11769487629649653,5,0.2,0.8,0.2,0.8,3.0
focal_tversky_mix__mix_weight-0.2__alpha-0.2__gamma-3__beta-0.8,focal_tversky_mix,2,44,,,,,0.11236662452508815,0.10799353302284172,0.1698262883536317,0.1672665214935886,0.12247228033660455,0.12247228033660455,5,0.2,0.8,0.2,0.8,3.0
focal_tversky_mix__mix_weight-0.2__alpha-0.5__gamma-1__beta-0.5,focal_tversky_mix,0,42,,,,,0.14697307043187618,0.14697307043187618,0.22754917037348044,0.22754917037348044,0.140022333054229,0.140022333054229,5,0.2,0.8,0.5,0.5,1.0
focal_tversky_mix__mix_weight-0.2__alpha-0.5__gamma-1__beta-0.5,focal_tversky_mix,1,43,,,,,0.13036283236226076,0.13036283236226076,0.20122581977984458,0.20122581977984458,0.13520520217385595,0.13520520217385595,5,0.2,0.8,0.5,0.5,1.0
focal_tversky_mix__mix_weight-0.2__alpha-0.5__gamma-1__beta-0.5,focal_tversky_mix,2,44,,,,,0.14896007304513953,0.14661648461905796,0.22635920261103568,0.22635920261103568,0.15565145324444501,0.15565145324444501,5,0.2,0.8,0.5,0.5,1.0
focal_tversky_mix__mix_weight-0.2__alpha-0.5__gamma-2__beta-0.5,focal_tversky_mix,0,42,,,,,0.11910302261121804,0.10372322209156491,0.18144953926064644,0.16296937262553346,0.12197011834837054,0.10175307291009701,5,0.2,0.8,0.5,0.5,2.0
focal_tversky_mix__mix_weight-0.2__alpha-0.5__gamma-2__beta-0.5,focal_tversky_mix,1,43,,,,,0.13297060925901252,0.13297060925901252,0.204994113418949,0.204994113418949,0.13867924012894278,0.13867924012894278,5,0.2,0.8,0.5,0.5,2.0
focal_tversky_mix__mix_weight-0.2__alpha-0.5__gamma-2__beta-0.5,focal_tversky_mix,2,44,,,,,0.1312787043433418,0.12126979620023068,0.19562963894117544,0.19166029363991247,0.14676883382712827,0.1396302787984229,5,0.2,0.8,0.5,0.5,2.0
focal_tversky_mix__mix_weight-0.2__alpha-0.5__gamma-3__beta-0.5,focal_tversky_mix,0,42,,,,,0.13311293849181,0.13311293849181,0.21585662430727837,0.21585662430727837,0.1329091944709578,0.1239402860884455,5,0.2,0.8,0.5,0.5,3.0
focal_tversky_mix__mix_weight-0.2__alpha-0.5__gamma-3__beta-0.5,focal_tversky_mix,1,43,,,,,0.10928754734920904,0.10928754734920904,0.17049991983975366,0.17049991983975366,0.1251464704305801,0.1251464704305801,5,0.2,0.8,0.5,0.5,3.0
focal_tversky_mix__mix_weight-0.2__alpha-0.5__gamma-3__beta-0.5,focal_tversky_mix,2,44,,,,,0.1345495423417263,0.11630343598895689,0.20311633680523872,0.18704952954291001,0.15221735282705035,0.1272989263862288,5,0.2,0.8,0.5,0.5,3.0
focal_tversky_mix__mix_weight-0.2__alpha-0.8__gamma-1__beta-0.2,focal_tversky_mix,0,42,,,,,0.1342175390798609,0.1280332790440696,0.21039660651436976,0.20282183599110276,0.15355125980468062,0.11045430324385916,5,0.2,0.8,0.8,0.19999999999999996,1.0
focal_tversky_mix__mix_weight-0.2__alpha-0.8__gamma-1__beta-0.2,focal_tversky_mix,1,43,,,,,0.1423452093699868,0.1423452093699868,0.2232252711655607,0.2232252711655607,0.14536486297539003,0.14536486297539003,5,0.2,0.8,0.8,0.19999999999999996,1.0
focal_tversky_mix__mix_weight-0.2__alpha-0.8__gamma-1__beta-0.2,focal_tversky_mix,2,44,,,,,0.14043998710693292,0.13918567934995518,0.21631745504961666,0.21631745504961666,0.15780460102414046,0.15780460102414046,5,0.2,0.8,0.8,0.19999999999999996,1.0
focal_tversky_mix__mix_weight-0.2__alpha-0.8__gamma-2__beta-0.2,focal_tversky_mix,0,42,,,,,0.143761666936343,0.1389811654513768,0.2251021490055693,0.2243502488166317,0.15086082369982864,0.13364319813579167,5,0.2,0.8,0.8,0.19999999999999996,2.0
focal_tversky_mix__mix_weight-0.2__alpha-0.8__gamma-2__beta-0.2,focal_tversky_mix,1,43,,,,,0.134868688707148,0.134868688707148,0.20960289450122982,0.20960289450122982,0.1512556590521021,0.1512556590521021,5,0.2,0.8,0.8,0.19999999999999996,2.0
focal_tversky_mix__mix_weight-0.2__alpha-0.8__gamma-2__beta-0.2,focal_tversky_mix,2,44,,,,,0.13843778775674787,0.12450213565142268,0.21439180384596168,0.19842153886347472,0.14340830147105824,0.14340830147105824,5,0.2,0.8,0.8,0.19999999999999996,2.0
focal_tversky_mix__mix_weight-0.2__alpha-0.8__gamma-3__beta-0.2,focal_tversky_mix,0,42,,,,,0.1252841748582664,0.1252841748582664,0.20497560258611455,0.20497560258611455,0.12989873404154997,0.12989873404154997,5,0.2,0.8,0.8,0.19999999999999996,3.0
focal_tversky_mix__mix_weight-0.2__alpha-0.8__gamma-3__beta-0.2,focal_tversky_mix,1,43,,,,,0.13132899245330268,0.13132899245330268,0.2126697198491124,0.2126697198491124,0.13974860172437084,0.13974860172437084,5,0.2,0.8,0.8,0.19999999999999996,3.0
focal_tversky_mix__mix_weight-0.2__alpha-0.8__gamma-3__beta-0.2,focal_tversky_mix,2,44,,,,,0.12986729048659118,0.11565346515992407,0.20474396127323832,0.18755085826280296,0.13960391274914769,0.12737105142832938,5,0.2,0.8,0.8,0.19999999999999996,3.0
focal_tversky_mix__mix_weight-0.5__alpha-0.2__gamma-1__beta-0.8,focal_tversky_mix,0,42,,,,,0.10595923914424654,0.10133197349659646,0.15586559591312849,0.14632820349201714,0.13714169279890845,0.13714169279890845,5,0.5,0.5,0.2,0.8,1.0
focal_tversky_mix__mix_weight-0.5__alpha-0.2__gamma-1__beta-0.8,focal_tversky_mix,1,43,,,,,0.10448279540063278,0.10448279540063278,0.14752242285086925,0.14752242285086925,0.11164256583258433,0.11164256583258433,5,0.5,0.5,0.2,0.8,1.0
focal_tversky_mix__mix_weight-0.5__alpha-0.2__gamma-1__beta-0.8,focal_tversky_mix,2,44,,,,,0.10652018458396968,0.10652018458396968,0.15272192638519444,0.15272192638519444,0.13484874249452092,0.13484874249452092,5,0.5,0.5,0.2,0.8,1.0
focal_tversky_mix__mix_weight-0.5__alpha-0.2__gamma-2__beta-0.8,focal_tversky_mix,0,42,,,,,0.09264060618221305,0.09264060618221305,0.13907993746643652,0.13907993746643652,0.12797808012684933,0.12154107647360077,5,0.5,0.5,0.2,0.8,2.0
focal_tversky_mix__mix_weight-0.5__alpha-0.2__gamma-2__beta-0.8,focal_tversky_mix,1,43,,,,,0.10689151589940843,0.10689151589940843,0.15413991478323627,0.15413991478323627,0.12585609652331872,0.12585609652331872,5,0.5,0.5,0.2,0.8,2.0
focal_tversky_mix__mix_weight-0.5__alpha-0.2__gamma-2__beta-0.8,focal_tversky_mix,2,44,,,,,0.1027974364946355,0.1027974364946355,0.1466269484183321,0.1466269484183321,0.12370145099125691,0.12370145099125691,5,0.5,0.5,0.2,0.8,2.0
focal_tversky_mix__mix_weight-0.5__alpha-0.2__gamma-3__beta-0.8,focal_tversky_mix,0,42,,,,,0.09988778156603789,0.07483603752414059,0.14665465914409193,0.11364598159319304,0.12445202155087483,0.11894633786456602,5,0.5,0.5,0.2,0.8,3.0
focal_tversky_mix__mix_weight-0.5__alpha-0.2__gamma-3__beta-0.8,focal_tversky_mix,1,43,,,,,0.10282905162021307,0.10000186768260623,0.1530017073408094,0.14607600917545988,0.11170429839189899,0.11124262446953077,5,0.5,0.5,0.2,0.8,3.0
focal_tversky_mix__mix_weight-0.5__alpha-0.2__gamma-3__beta-0.8,focal_tversky_mix,2,44,,,,,0.12338498030403576,0.12338498030403576,0.1781437953569069,0.1781437953569069,0.12802554688420587,0.12802554688420587,5,0.5,0.5,0.2,0.8,3.0
focal_tversky_mix__mix_weight-0.5__alpha-0.5__gamma-1__beta-0.5,focal_tversky_mix,0,42,,,,,0.08836106952364918,0.08649345214691644,0.1338379551943657,0.127652567014509,0.10704346430787519,0.10704346430787519,5,0.5,0.5,0.5,0.5,1.0
focal_tversky_mix__mix_weight-0.5__alpha-0.5__gamma-1__beta-0.5,focal_tversky_mix,1,43,,,,,0.11055159870195244,0.11055159870195244,0.15690841165302324,0.15690841165302324,0.12415986636541332,0.12415986636541332,5,0.5,0.5,0.5,0.5,1.0
focal_tversky_mix__mix_weight-0.5__alpha-0.5__gamma-1__beta-0.5,focal_tversky_mix,2,44,,,,,0.13251685245387304,0.13251685245387304,0.1958007791796269,0.1958007791796269,0.13163093018623068,0.13163093018623068,5,0.5,0.5,0.5,0.5,1.0
focal_tversky_mix__mix_weight-0.5__alpha-0.5__gamma-2__beta-0.5,focal_tversky_mix,0,42,,,,,0.11212382442715499,0.09059476653772944,0.16880670933671482,0.13248653875702782,0.12985207843398733,0.12234605768892856,5,0.5,0.5,0.5,0.5,2.0
focal_tversky_mix__mix_weight-0.5__alpha-0.5__gamma-2__beta-0.5,focal_tversky_mix,1,43,,,,,0.10639961293378276,0.10639961293378276,0.15486828570755942,0.15486828570755942,0.11579341205776875,0.11579341205776875,5,0.5,0.5,0.5,0.5,2.0
focal_tversky_mix__mix_weight-0.5__alpha-0.5__gamma-2__beta-0.5,focal_tversky_mix,2,44,,,,,0.11864021864688896,0.11864021864688896,0.1677036347989732,0.1677036347989732,0.14359241307638074,0.13974827118457295,5,0.5,0.5,0.5,0.5,2.0
focal_tversky_mix__mix_weight-0.5__alpha-0.5__gamma-3__beta-0.5,focal_tversky_mix,0,42,,,,,0.11636420701072307,0.09681119736979024,0.17180054839448694,0.14239732251055043,0.13087986452468578,0.12348739989217039,5,0.5,0.5,0.5,0.5,3.0
focal_tversky_mix__mix_weight-0.5__alpha-0.5__gamma-3__beta-0.5,focal_tversky_mix,1,43,,,,,0.11575248179344487,0.11575248179344487,0.16774256471734042,0.16774256471734042,0.1311152391784542,0.1311152391784542,5,0.5,0.5,0.5,0.5,3.0
focal_tversky_mix__mix_weight-0.5__alpha-0.5__gamma-3__beta-0.5,focal_tversky_mix,2,44,,,,,0.12086755373675406,0.12086755373675406,0.18152525858499444,0.18152525858499444,0.1391742667032384,0.1391742667032384,5,0.5,0.5,0.5,0.5,3.0
focal_tversky_mix__mix_weight-0.5__alpha-0.8__gamma-1__beta-0.2,focal_tversky_mix,0,42,,,,,0.12011764546470714,0.08573380529882485,0.17787275978025086,0.1293724025384445,0.12934124643947148,0.11312555768328787,5,0.5,0.5,0.8,0.19999999999999996,1.0
focal_tversky_mix__mix_weight-0.5__alpha-0.8__gamma-1__beta-0.2,focal_tversky_mix,1,43,,,,,0.11294419853926449,0.11294419853926449,0.16650497509948456,0.16650497509948456,0.1252415240857629,0.12215616489389747,5,0.5,0.5,0.8,0.19999999999999996,1.0
focal_tversky_mix__mix_weight-0.5__alpha-0.8__gamma-1__beta-0.2,focal_tversky_mix,2,44,,,,,0.11614301508145014,0.11614301508145014,0.1661707975889556,0.1661707975889556,0.13406072486418447,0.13406072486418447,5,0.5,0.5,0.8,0.19999999999999996,1.0
focal_tversky_mix__mix_weight-0.5__alpha-0.8__gamma-2__beta-0.2,focal_tversky_mix,0,42,,,,,0.15004590591092676,0.13677206212174078,0.22599810377353174,0.20235173826006164,0.16256670803920895,0.1210966827878311,5,0.5,0.5,0.8,0.19999999999999996,2.0
focal_tversky_mix__mix_weight-0.5__alpha-0.8__gamma-2__beta-0.2,focal_tversky_mix,1,43,,,,,0.12814083080363248,0.12814083080363248,0.19175055142953223,0.19175055142953223,0.13975300243949546,0.13975300243949546,5,0.5,0.5,0.8,0.19999999999999996,2.0
focal_tversky_mix__mix_weight-0.5__alpha-0.8__gamma-2__beta-0.2,focal_tversky_mix,2,44,,,,,0.10771325163692509,0.10771325163692509,0.1562048051968979,0.1562048051968979,0.13880317509699097,0.13880317509699097,5,0.5,0.5,0.8,0.19999999999999996,2.0
focal_tversky_mix__mix_weight-0.5__alpha-0.8__gamma-3__beta-0.2,focal_tversky_mix,0,42,,,,,0.15768368898986082,0.14008712698000755,0.2392854372493738,0.21750559943676542,0.16267715545170727,0.1346614404594823,5,0.5,0.5,0.8,0.19999999999999996,3.0
focal_tversky_mix__mix_weight-0.5__alpha-0.8__gamma-3__beta-0.2,focal_tversky_mix,1,43,,,,,0.12183636996185084,0.12183636996185084,0.18577498683334973,0.18577498683334973,0.13851125873962822,0.13851125873962822,5,0.5,0.5,0.8,0.19999999999999996,3.0
focal_tversky_mix__mix_weight-0.5__alpha-0.8__gamma-3__beta-0.2,focal_tversky_mix,2,44,,,,,0.12024487315637332,0.1166756513180332,0.1812966305174014,0.1792436771340643,0.14083860855593885,0.14083860855593885,5,0.5,0.5,0.8,0.19999999999999996,3.0
focal_tversky_mix__mix_weight-0.8__alpha-0.2__gamma-1__beta-0.8,focal_tversky_mix,0,42,,,,,0.05580574765606975,0.05580574765606975,0.0752676376324697,0.0752676376324697,0.10044868699808511,0.10044868699808511,5,0.8,0.19999999999999996,0.2,0.8,1.0
focal_tversky_mix__mix_weight-0.8__alpha-0.2__gamma-1__beta-0.8,focal_tversky_mix,1,43,,,,,0.06012879614101858,0.06012879614101858,0.08069870802839002,0.08069870802839002,0.1043480528918824,0.1043480528918824,5,0.8,0.19999999999999996,0.2,0.8,1.0
focal_tversky_mix__mix_weight-0.8__alpha-0.2__gamma-1__beta-0.8,focal_tversky_mix,2,44,,,,,0.06849137736184868,0.06849137736184868,0.09081411550045392,0.09081411550045392,0.12274311244179839,0.12274311244179839,5,0.8,0.19999999999999996,0.2,0.8,1.0
focal_tversky_mix__mix_weight-0.8__alpha-0.2__gamma-2__beta-0.8,focal_tversky_mix,0,42,,,,,0.08856319295895639,0.05641349946273477,0.12852329386660222,0.07559436509033562,0.11088232509907696,0.10154429903292259,5,0.8,0.19999999999999996,0.2,0.8,2.0
focal_tversky_mix__mix_weight-0.8__alpha-0.2__gamma-2__beta-0.8,focal_tversky_mix,1,43,,,,,0.07390637129906723,0.07390637129906723,0.10953168122390605,0.10953168122390605,0.08608097679472979,0.08608097679472979,5,0.8,0.19999999999999996,0.2,0.8,2.0
focal_tversky_mix__mix_weight-0.8__alpha-0.2__gamma-2__beta-0.8,focal_tversky_mix,2,44,,,,,0.05608083743191439,0.05608083743191439,0.07709195743543712,0.07709195743543712,0.10082217946638831,0.10082217946638831,5,0.8,0.19999999999999996,0.2,0.8,2.0
focal_tversky_mix__mix_weight-0.8__alpha-0.2__gamma-3__beta-0.8,focal_tversky_mix,0,42,,,,,0.07539761488670224,0.059694581974669675,0.11433650794361253,0.07933875613203129,0.10745024755440542,0.10745024755440542,5,0.8,0.19999999999999996,0.2,0.8,3.0
focal_tversky_mix__mix_weight-0.8__alpha-0.2__gamma-3__beta-0.8,focal_tversky_mix,1,43,,,,,0.05898211104550119,0.05898211104550119,0.08506446936489777,0.08506446936489777,0.10580679959462094,0.10580679959462094,5,0.8,0.19999999999999996,0.2,0.8,3.0
focal_tversky_mix__mix_weight-0.8__alpha-0.2__gamma-3__beta-0.8,focal_tversky_mix,2,44,,,,,0.09213638015415818,0.0546555641227299,0.13030377276692004,0.07417589682182385,0.09836738587466201,0.09836738587466201,5,0.8,0.19999999999999996,0.2,0.8,3.0
focal_tversky_mix__mix_weight-0.8__alpha-0.5__gamma-1__beta-0.5,focal_tversky_mix,0,42,,,,,0.056264272515573185,0.052451545225622453,0.0755169810571844,0.07204992693964057,0.10127569052803173,0.09441278140612042,5,0.8,0.19999999999999996,0.5,0.5,1.0
focal_tversky_mix__mix_weight-0.8__alpha-0.5__gamma-1__beta-0.5,focal_tversky_mix,1,43,,,,,0.05828329505600411,0.05828329505600411,0.07688398133544133,0.07688398133544133,0.10490951635263904,0.10490951635263904,5,0.8,0.19999999999999996,0.5,0.5,1.0
focal_tversky_mix__mix_weight-0.8__alpha-0.5__gamma-1__beta-0.5,focal_tversky_mix,2,44,,,,,0.10629784262444154,0.10629784262444154,0.14861668658430327,0.14861668658430327,0.1216619823310168,0.1216619823310168,5,0.8,0.19999999999999996,0.5,0.5,1.0
focal_tversky_mix__mix_weight-0.8__alpha-0.5__gamma-2__beta-0.5,focal_tversky_mix,0,42,,,,,0.056526795883731724,0.055059879281935196,0.07643886835368244,0.07434963844639207,0.10174823259071711,0.09910778270748336,5,0.8,0.19999999999999996,0.5,0.5,2.0
focal_tversky_mix__mix_weight-0.8__alpha-0.5__gamma-2__beta-0.5,focal_tversky_mix,1,43,,,,,0.09304862591734753,0.09304862591734753,0.13051413302739912,0.13051413302739912,0.10102509636964432,0.10102509636964432,5,0.8,0.19999999999999996,0.5,0.5,2.0
focal_tversky_mix__mix_weight-0.8__alpha-0.5__gamma-2__beta-0.5,focal_tversky_mix,2,44,,,,,0.07384290810049021,0.07384290810049021,0.10308117906710185,0.10308117906710185,0.10920239947393898,0.10920239947393898,5,0.8,0.19999999999999996,0.5,0.5,2.0
focal_tversky_mix__mix_weight-0.8__alpha-0.5__gamma-3__beta-0.5,focal_tversky_mix,0,42,,,,,0.07432591884330347,0.069283273228002,0.10989699823126148,0.09848791911911446,0.1074563417888025,0.10522692004236493,5,0.8,0.19999999999999996,0.5,0.5,3.0
focal_tversky_mix__mix_weight-0.8__alpha-0.5__gamma-3__beta-0.5,focal_tversky_mix,1,43,,,,,0.08389363804211912,0.08389363804211912,0.12494303258756981,0.12494303258756981,0.11864061052711769,0.11864061052711769,5,0.8,0.19999999999999996,0.5,0.5,3.0
focal_tversky_mix__mix_weight-0.8__alpha-0.5__gamma-3__beta-0.5,focal_tversky_mix,2,44,,,,,0.10191021897084325,0.10191021897084325,0.14077508656515667,0.14077508656515667,0.10075357933422327,0.10075357933422327,5,0.8,0.19999999999999996,0.5,0.5,3.0
focal_tversky_mix__mix_weight-0.8__alpha-0.8__gamma-1__beta-0.2,focal_tversky_mix,0,42,,,,,0.08605851116298241,0.05952522917230971,0.12393739686010119,0.07830758862675109,0.11046229398032577,0.10714334574325261,5,0.8,0.19999999999999996,0.8,0.19999999999999996,1.0
focal_tversky_mix__mix_weight-0.8__alpha-0.8__gamma-1__beta-0.2,focal_tversky_mix,1,43,,,,,0.0721813399964763,0.04831614620998932,0.10721264459979239,0.0677380150051338,0.09826507887630549,0.0868906907263813,5,0.8,0.19999999999999996,0.8,0.19999999999999996,1.0
focal_tversky_mix__mix_weight-0.8__alpha-0.8__gamma-1__beta-0.2,focal_tversky_mix,2,44,,,,,0.0680326558843782,0.0680326558843782,0.09363113692919064,0.09363113692919064,0.10977215136980131,0.10977215136980131,5,0.8,0.19999999999999996,0.8,0.19999999999999996,1.0
focal_tversky_mix__mix_weight-0.8__alpha-0.8__gamma-2__beta-0.2,focal_tversky_mix,0,42,,,,,0.10324769782703591,0.09116801156163085,0.14370911832173425,0.12683322122330498,0.11708977821350523,0.11162324512608483,5,0.8,0.19999999999999996,0.8,0.19999999999999996,2.0
focal_tversky_mix__mix_weight-0.8__alpha-0.8__gamma-2__beta-0.2,focal_tversky_mix,1,43,,,,,0.10777488514854573,0.10777488514854573,0.15034203106723956,0.15034203106723956,0.11164811712979165,0.11164811712979165,5,0.8,0.19999999999999996,0.8,0.19999999999999996,2.0
focal_tversky_mix__mix_weight-0.8__alpha-0.8__gamma-2__beta-0.2,focal_tversky_mix,2,44,,,,,0.08672916026115848,0.08672916026115848,0.122036797354143,0.122036797354143,0.11031282040410754,0.11031282040410754,5,0.8,0.19999999999999996,0.8,0.19999999999999996,2.0
focal_tversky_mix__mix_weight-0.8__alpha-0.8__gamma-3__beta-0.2,focal_tversky_mix,0,42,,,,,0.0935567661218893,0.06441693643368292,0.13517598609063036,0.08695443671315545,0.11241261506530553,0.1093835412377844,5,0.8,0.19999999999999996,0.8,0.19999999999999996,3.0
focal_tversky_mix__mix_weight-0.8__alpha-0.8__gamma-3__beta-0.2,focal_tversky_mix,1,43,,,,,0.10413237325871177,0.09430748578310968,0.14597296714042163,0.13278125163545462,0.1065536927248347,0.10248862262217835,5,0.8,0.19999999999999996,0.8,0.19999999999999996,3.0
focal_tversky_mix__mix_weight-0.8__alpha-0.8__gamma-3__beta-0.2,focal_tversky_mix,2,44,,,,,0.10358413730177479,0.10358413730177479,0.1423643416280776,0.1423643416280776,0.11247504233518672,0.11247504233518672,5,0.8,0.19999999999999996,0.8,0.19999999999999996,3.0
dice_focal__mix_weight-0.2__gamma-1,dice_focal,0,42,,0.2,,,0.08212218616590507,0.05448722200073037,0.12005935239415508,0.07426408835208571,0.11104439571703581,0.09807595142242721,5,0.8,,,,1.0
dice_focal__mix_weight-0.2__gamma-1,dice_focal,1,43,,0.2,,,0.08587013822754253,0.08587013822754253,0.12097521959943841,0.12097521959943841,0.10527638764260365,0.10527638764260365,5,0.8,,,,1.0
dice_focal__mix_weight-0.2__gamma-1,dice_focal,2,44,,0.2,,,0.09238106223342683,0.09238106223342683,0.1291641404747344,0.1291641404747344,0.10968202750650413,0.10968202750650413,5,0.8,,,,1.0
dice_focal__mix_weight-0.2__gamma-2,dice_focal,0,42,,0.2,,,0.058460430404536315,0.058460430404536315,0.07751823758175047,0.07751823758175047,0.10522464245407162,0.10522464245407162,5,0.8,,,,2.0
dice_focal__mix_weight-0.2__gamma-2,dice_focal,1,43,,0.2,,,0.09048245341720013,0.09048245341720013,0.1276146097116446,0.1276146097116446,0.10001118582758298,0.10001118582758298,5,0.8,,,,2.0
dice_focal__mix_weight-0.2__gamma-2,dice_focal,2,44,,0.2,,,0.08782589942045602,0.08782589942045602,0.12545714888324316,0.12545714888324316,0.1097979505601862,0.1097979505601862,5,0.8,,,,2.0
dice_focal__mix_weight-0.2__gamma-3,dice_focal,0,42,,0.2,,,0.09714044707169833,0.061912982174099934,0.13606045722274115,0.08052942723500754,0.11134483764714671,0.11134483764714671,5,0.8,,,,3.0
dice_focal__mix_weight-0.2__gamma-3,dice_focal,1,43,,0.2,,,0.05709278282703371,0.050590354078398576,0.07617216694326351,0.07505221726946536,0.10274930646465494,0.0810329930858872,5,0.8,,,,3.0
dice_focal__mix_weight-0.2__gamma-3,dice_focal,2,44,,0.2,,,0.09631165482490017,0.05921253762946036,0.13501819515998126,0.08275602181238198,0.099765105598243,0.099765105598243,5,0.8,,,,3.0
dice_focal__mix_weight-0.5__gamma-1,dice_focal,0,42,,0.5,,,0.11567843996259602,0.07531772699476064,0.17475091192750758,0.12359520393014486,0.12079124656153739,0.10508253952569455,5,0.5,,,,1.0
dice_focal__mix_weight-0.5__gamma-1,dice_focal,1,43,,0.5,,,0.11706772108074939,0.11706772108074939,0.16982039551238468,0.16982039551238468,0.13041618437248756,0.13041618437248756,5,0.5,,,,1.0
dice_focal__mix_weight-0.5__gamma-1,dice_focal,2,44,,0.5,,,0.13398179352662465,0.13398179352662465,0.19453734963960437,0.19453734963960437,0.149082305201115,0.149082305201115,5,0.5,,,,1.0
dice_focal__mix_weight-0.5__gamma-2,dice_focal,0,42,,0.5,,,0.11703690064029518,0.11703690064029518,0.1678321844657662,0.1678321844657662,0.14515372371563134,0.14515372371563134,5,0.5,,,,2.0
dice_focal__mix_weight-0.5__gamma-2,dice_focal,1,43,,0.5,,,0.11642951160731678,0.11642951160731678,0.1683640848156785,0.1683640848156785,0.12933881752565257,0.12924512211626932,5,0.5,,,,2.0
dice_focal__mix_weight-0.5__gamma-2,dice_focal,2,44,,0.5,,,0.10511359851426859,0.10511359851426859,0.1509257058890114,0.1509257058890114,0.1277828181516132,0.1277828181516132,5,0.5,,,,2.0
dice_focal__mix_weight-0.5__gamma-3,dice_focal,0,42,,0.5,,,0.12378282321610455,0.12378282321610455,0.18133970957432016,0.18133970957432016,0.1282572410753938,0.12749422231099006,5,0.5,,,,3.0
dice_focal__mix_weight-0.5__gamma-3,dice_focal,1,43,,0.5,,,0.12215134149901824,0.11561626556430493,0.1755168489929791,0.1663569399653084,0.12613584409913775,0.12216077773783737,5,0.5,,,,3.0
dice_focal__mix_weight-0.5__gamma-3,dice_focal,2,44,,0.5,,,0.10421097240062653,0.10421097240062653,0.15181979161890344,0.15181979161890344,0.1239862122140611,0.1239862122140611,5,0.5,,,,3.0
dice_focal__mix_weight-0.8__gamma-1,dice_focal,0,42,,0.8,,,0.12987948609068575,0.12987948609068575,0.19961450057123764,0.19961450057123764,0.12360784439494346,0.11192619877721624,5,0.19999999999999996,,,,1.0
dice_focal__mix_weight-0.8__gamma-1,dice_focal,1,43,,0.8,,,0.1397525000543894,0.1397525000543894,0.21228940880529523,0.21228940880529523,0.1422030878610569,0.1422030878610569,5,0.19999999999999996,,,,1.0
dice_focal__mix_weight-0.8__gamma-1,dice_focal,2,44,,0.8,,,0.12894289259544614,0.12894289259544614,0.20262192341022564,0.20262192341022564,0.1395605563598469,0.1395605563598469,5,0.19999999999999996,,,,1.0
dice_focal__mix_weight-0.8__gamma-2,dice_focal,0,42,,0.8,,,0.12686328829756457,0.12686328829756457,0.2016302299852422,0.2016302299852422,0.13384266689584065,0.1163757540806071,5,0.19999999999999996,,,,2.0
dice_focal__mix_weight-0.8__gamma-2,dice_focal,1,43,,0.8,,,0.13775366584480278,0.13775366584480278,0.21545800706916293,0.21545800706916293,0.1456402530110144,0.1456402530110144,5,0.19999999999999996,,,,2.0
dice_focal__mix_weight-0.8__gamma-2,dice_focal,2,44,,0.8,,,0.12685404521684007,0.12685404521684007,0.1987924415619132,0.1987924415619132,0.14521908597462704,0.14521908597462704,5,0.19999999999999996,,,,2.0
dice_focal__mix_weight-0.8__gamma-3,dice_focal,0,42,,0.8,,,0.12314636897957001,0.11586175114937605,0.191103045249992,0.18573612523892422,0.13128605345079752,0.10395345511138895,5,0.19999999999999996,,,,3.0
dice_focal__mix_weight-0.8__gamma-3,dice_focal,1,43,,0.8,,,0.13742908362891487,0.13742908362891487,0.2160383158938774,0.2160383158938774,0.14623545845822547,0.14623545845822547,5,0.19999999999999996,,,,3.0
dice_focal__mix_weight-0.8__gamma-3,dice_focal,2,44,,0.8,,,0.11866779629675535,0.1052781956065721,0.18223216112276175,0.16859001801233042,0.13547871813437387,0.12605546325916955,5,0.19999999999999996,,,,3.0
bce_tversky__mix_weight-0.2__alpha-0.2__beta-0.8,bce_tversky,0,42,0.2,,,,0.1386724181648454,0.1386724181648454,0.20313408063243818,0.20313408063243818,0.13250900524169396,0.12298642932885509,5,,0.8,0.2,0.8,
bce_tversky__mix_weight-0.2__alpha-0.2__beta-0.8,bce_tversky,1,43,0.2,,,,0.12325315801701905,0.12325315801701905,0.18934018387087226,0.18934018387087226,0.13256800890635445,0.12033148837645853,5,,0.8,0.2,0.8,
bce_tversky__mix_weight-0.2__alpha-0.2__beta-0.8,bce_tversky,2,44,0.2,,,,0.1435379606747283,0.1435379606747283,0.22134787257770971,0.22134787257770971,0.15330558519394866,0.15330558519394866,5,,0.8,0.2,0.8,
bce_tversky__mix_weight-0.2__alpha-0.5__beta-0.5,bce_tversky,0,42,0.2,,,,0.12669225325013125,0.12669225325013125,0.19903432166658055,0.19903432166658055,0.1253091551010294,0.11184278462838504,5,,0.8,0.5,0.5,
bce_tversky__mix_weight-0.2__alpha-0.5__beta-0.5,bce_tversky,1,43,0.2,,,,0.14457773972857005,0.14457773972857005,0.2215468386608857,0.2215468386608857,0.15282839809801357,0.15282839809801357,5,,0.8,0.5,0.5,
bce_tversky__mix_weight-0.2__alpha-0.5__beta-0.5,bce_tversky,2,44,0.2,,,,0.16067429132784997,0.14227390600960474,0.24252790640125824,0.22349927815736084,0.1653384627766403,0.15891151307053422,5,,0.8,0.5,0.5,
bce_tversky__mix_weight-0.2__alpha-0.8__beta-0.2,bce_tversky,0,42,0.2,,,,0.14486968117245955,0.14486968117245955,0.22487074896394996,0.22487074896394996,0.15249884160849053,0.11740713701966858,5,,0.8,0.8,0.19999999999999996,
bce_tversky__mix_weight-0.2__alpha-0.8__beta-0.2,bce_tversky,1,43,0.2,,,,0.14145897606859312,0.14145897606859312,0.21827100859151605,0.21827100859151605,0.1567606513266297,0.1567606513266297,5,,0.8,0.8,0.19999999999999996,
bce_tversky__mix_weight-0.2__alpha-0.8__beta-0.2,bce_tversky,2,44,0.2,,,,0.15702566392662015,0.1421789793234059,0.24143081831597987,0.22344060863860962,0.1592763210476102,0.1592763210476102,5,,0.8,0.8,0.19999999999999996,
bce_tversky__mix_weight-0.5__alpha-0.2__beta-0.8,bce_tversky,0,42,0.5,,,,0.08684616028661399,0.08684616028661399,0.13197426576375937,0.13197426576375937,0.11122614565157678,0.11122614565157678,5,,0.5,0.2,0.8,
bce_tversky__mix_weight-0.5__alpha-0.2__beta-0.8,bce_tversky,1,43,0.5,,,,0.09928339077203523,0.09653011206291642,0.14677387919959467,0.14101728932336868,0.1029166340763232,0.1029166340763232,5,,0.5,0.2,0.8,
bce_tversky__mix_weight-0.5__alpha-0.2__beta-0.8,bce_tversky,2,44,0.5,,,,0.12847237094021896,0.12847237094021896,0.18215058316643612,0.18215058316643612,0.15500601253550145,0.15500601253550145,5,,0.5,0.2,0.8,
bce_tversky__mix_weight-0.5__alpha-0.5__beta-0.5,bce_tversky,0,42,0.5,,,,0.10204460097610611,0.07126207659611536,0.14579159657037696,0.09914384618661272,0.1233782319391699,0.1233782319391699,5,,0.5,0.5,0.5,
bce_tversky__mix_weight-0.5__alpha-0.5__beta-0.5,bce_tversky,1,43,0.5,,,,0.10372747598083183,0.10372747598083183,0.1491480793591081,0.1491480793591081,0.1154182950155895,0.1154182950155895,5,,0.5,0.5,0.5,
bce_tversky__mix_weight-0.5__alpha-0.5__beta-0.5,bce_tversky,2,44,0.5,,,,0.12363725305410564,0.12363725305410564,0.17676084430252784,0.17676084430252784,0.1310114223006264,0.1310114223006264,5,,0.5,0.5,0.5,
bce_tversky__mix_weight-0.5__alpha-0.8__beta-0.2,bce_tversky,0,42,0.5,,,,0.11113302382100591,0.07228888232428382,0.15368996619143094,0.10807028793332808,0.11826063413796599,0.09699595245954648,5,,0.5,0.8,0.19999999999999996,
bce_tversky__mix_weight-0.5__alpha-0.8__beta-0.2,bce_tversky,1,43,0.5,,,,0.11805110312472146,0.11805110312472146,0.16371558185481516,0.16371558185481516,0.11794184827122726,0.11794184827122726,5,,0.5,0.8,0.19999999999999996,
bce_tversky__mix_weight-0.5__alpha-0.8__beta-0.2,bce_tversky,2,44,0.5,,,,0.120414501897797,0.120414501897797,0.17295335254522043,0.17295335254522043,0.13967094873260621,0.13967094873260621,5,,0.5,0.8,0.19999999999999996,
bce_tversky__mix_weight-0.8__alpha-0.2__beta-0.8,bce_tversky,0,42,0.8,,,,0.06101549637224499,0.060394711135896895,0.07968108063720272,0.07875924218670964,0.1098262346401934,0.10871048004461441,5,,0.19999999999999996,0.2,0.8,
bce_tversky__mix_weight-0.8__alpha-0.2__beta-0.8,bce_tversky,1,43,0.8,,,,0.06596242048916781,0.06596242048916781,0.09574853482699232,0.09574853482699232,0.0939764107280613,0.0939764107280613,5,,0.19999999999999996,0.2,0.8,
bce_tversky__mix_weight-0.8__alpha-0.2__beta-0.8,bce_tversky,2,44,0.8,,,,0.059530000871180176,0.059530000871180176,0.07955586996715885,0.07955586996715885,0.10715400156812431,0.10715400156812431,5,,0.19999999999999996,0.2,0.8,
bce_tversky__mix_weight-0.8__alpha-0.5__beta-0.5,bce_tversky,0,42,0.8,,,,0.06583797179356335,0.06214971631254497,0.09991079157116624,0.08555568327286028,0.10762286042516338,0.10348696545177169,5,,0.19999999999999996,0.5,0.5,
bce_tversky__mix_weight-0.8__alpha-0.5__beta-0.5,bce_tversky,1,43,0.8,,,,0.05695896881082285,0.05695896881082285,0.07588617525378404,0.07588617525378404,0.10252614385948114,0.10252614385948114,5,,0.19999999999999996,0.5,0.5,
bce_tversky__mix_weight-0.8__alpha-0.5__beta-0.5,bce_tversky,2,44,0.8,,,,0.09478892360736434,0.09478892360736434,0.1318755566743484,0.1318755566743484,0.11490735531093536,0.11490735531093536,5,,0.19999999999999996,0.5,0.5,
bce_tversky__mix_weight-0.8__alpha-0.8__beta-0.2,bce_tversky,0,42,0.8,,,,0.0657627981491163,0.05402808693871382,0.09793685161030456,0.0740120053667236,0.10757955599921414,0.09641866549988737,5,,0.19999999999999996,0.8,0.19999999999999996,
bce_tversky__mix_weight-0.8__alpha-0.8__beta-0.2,bce_tversky,1,43,0.8,,,,0.08353832927320856,0.08353832927320856,0.11756976676688025,0.11756976676688025,0.10631768659083603,0.10631768659083603,5,,0.19999999999999996,0.8,0.19999999999999996,
bce_tversky__mix_weight-0.8__alpha-0.8__beta-0.2,bce_tversky,2,44,0.8,,,,0.06250239359791718,0.06250239359791718,0.08177041864807909,0.08177041864807909,0.11250430847625092,0.11250430847625092,5,,0.19999999999999996,0.8,0.19999999999999996,
