experiment_name,loss_mode,repeat_idx,seed,bce_weight,dice_weight,dice_smooth,soft_bce_smooth,best_miou,last_miou,best_macro_f1,last_macro_f1,best_rare_miou,last_rare_miou,epochs,focal_weight,tversky_weight,tversky_alpha,tversky_beta,focal_gamma,mix_weight,dice_smooth,soft_bce_smooth,alpha,gamma,beta
soft_bce_dice__mix_weight-0.2__dice_smooth-1e-07__soft_bce_smooth-0e+00,soft_bce_dice,0,42,0.2,0.8,1e-07,0.0,0.1364261961357296,0.1364261961357296,0.202662486167377,0.202662486167377,0.1163234184116956,0.1163234184116956,5,,,,,,0.2,1e-07,0.0,,,
soft_bce_dice__mix_weight-0.2__dice_smooth-1e-07__soft_bce_smooth-0e+00,soft_bce_dice,1,43,0.2,0.8,1e-07,0.0,0.1333566643696924,0.1333566643696924,0.2089262907691871,0.2089262907691871,0.1355476275817199,0.1355476275817199,5,,,,,,0.2,1e-07,0.0,,,
soft_bce_dice__mix_weight-0.2__dice_smooth-1e-07__soft_bce_smooth-0e+00,soft_bce_dice,2,44,0.2,0.8,1e-07,0.0,0.1369654893402782,0.1192853914183232,0.2057982596698624,0.1880520351934895,0.1422939332641252,0.127374388486553,5,,,,,,0.2,1e-07,0.0,,,
soft_bce_dice__mix_weight-0.2__dice_smooth-1e-07__soft_bce_smooth-0.05,soft_bce_dice,0,42,0.2,0.8,1e-07,0.05,0.1337357831309595,0.1322114881029236,0.2047981015294418,0.2047981015294418,0.143314639377312,0.1291334517164896,5,,,,,,0.2,1e-07,0.05,,,
soft_bce_dice__mix_weight-0.2__dice_smooth-1e-07__soft_bce_smooth-0.05,soft_bce_dice,1,43,0.2,0.8,1e-07,0.05,0.1365221759938142,0.1365221759938142,0.2082106321505901,0.2082106321505901,0.1391017371055237,0.1391017371055237,5,,,,,,0.2,1e-07,0.05,,,
soft_bce_dice__mix_weight-0.2__dice_smooth-1e-07__soft_bce_smooth-0.05,soft_bce_dice,2,44,0.2,0.8,1e-07,0.05,0.1552855528896352,0.143278491214919,0.2377340942924918,0.2249057650189103,0.1589897255396751,0.1575890373336018,5,,,,,,0.2,1e-07,0.05,,,
soft_bce_dice__mix_weight-0.2__dice_smooth-1e-07__soft_bce_smooth-0.1,soft_bce_dice,0,42,0.2,0.8,1e-07,0.1,0.1196918081283747,0.1196918081283747,0.1805831873477549,0.1805831873477549,0.1314925933220804,0.100937988616137,5,,,,,,0.2,1e-07,0.1,,,
soft_bce_dice__mix_weight-0.2__dice_smooth-1e-07__soft_bce_smooth-0.1,soft_bce_dice,1,43,0.2,0.8,1e-07,0.1,0.125380926340138,0.125380926340138,0.187436798047773,0.187436798047773,0.143008967059218,0.143008967059218,5,,,,,,0.2,1e-07,0.1,,,
soft_bce_dice__mix_weight-0.2__dice_smooth-1e-07__soft_bce_smooth-0.1,soft_bce_dice,2,44,0.2,0.8,1e-07,0.1,0.1321051476380118,0.1321051476380118,0.2114120639151417,0.2114120639151417,0.1329972801756098,0.1329972801756098,5,,,,,,0.2,1e-07,0.1,,,
soft_bce_dice__mix_weight-0.2__dice_smooth-1e-06__soft_bce_smooth-0e+00,soft_bce_dice,0,42,0.2,0.8,1e-06,0.0,0.1368272454626974,0.1368272454626974,0.2093826396907335,0.2093826396907335,0.1396946801293134,0.1147142278377484,5,,,,,,0.2,1e-06,0.0,,,
soft_bce_dice__mix_weight-0.2__dice_smooth-1e-06__soft_bce_smooth-0e+00,soft_bce_dice,1,43,0.2,0.8,1e-06,0.0,0.1325713809273238,0.1325713809273238,0.2031475325423619,0.2031475325423619,0.1392867951366185,0.1392867951366185,5,,,,,,0.2,1e-06,0.0,,,
soft_bce_dice__mix_weight-0.2__dice_smooth-1e-06__soft_bce_smooth-0e+00,soft_bce_dice,2,44,0.2,0.8,1e-06,0.0,0.1382392003816732,0.1382392003816732,0.2145425507694144,0.2145425507694144,0.1436513791715057,0.1436513791715057,5,,,,,,0.2,1e-06,0.0,,,
soft_bce_dice__mix_weight-0.2__dice_smooth-1e-06__soft_bce_smooth-0.05,soft_bce_dice,0,42,0.2,0.8,1e-06,0.05,0.1419996380673719,0.1419996380673719,0.2190077444887027,0.2190077444887027,0.1354299747753226,0.1266526341081485,5,,,,,,0.2,1e-06,0.05,,,
soft_bce_dice__mix_weight-0.2__dice_smooth-1e-06__soft_bce_smooth-0.05,soft_bce_dice,1,43,0.2,0.8,1e-06,0.05,0.1259960814893855,0.0895565541732159,0.1851269138709387,0.1510217048232813,0.1446564440295826,0.0994311286379775,5,,,,,,0.2,1e-06,0.05,,,
soft_bce_dice__mix_weight-0.2__dice_smooth-1e-06__soft_bce_smooth-0.05,soft_bce_dice,2,44,0.2,0.8,1e-06,0.05,0.1610694237870628,0.1352645686886185,0.2442700363301832,0.214143325067918,0.1532452631342947,0.1479275446358045,5,,,,,,0.2,1e-06,0.05,,,
soft_bce_dice__mix_weight-0.2__dice_smooth-1e-06__soft_bce_smooth-0.1,soft_bce_dice,0,42,0.2,0.8,1e-06,0.1,0.1356228660711892,0.1356228660711892,0.2075952772271051,0.2075952772271051,0.124678789558844,0.124678789558844,5,,,,,,0.2,1e-06,0.1,,,
soft_bce_dice__mix_weight-0.2__dice_smooth-1e-06__soft_bce_smooth-0.1,soft_bce_dice,1,43,0.2,0.8,1e-06,0.1,0.1328365832049416,0.1328365832049416,0.1986351770335188,0.1986351770335188,0.1445011120341179,0.1445011120341179,5,,,,,,0.2,1e-06,0.1,,,
soft_bce_dice__mix_weight-0.2__dice_smooth-1e-06__soft_bce_smooth-0.1,soft_bce_dice,2,44,0.2,0.8,1e-06,0.1,0.1386698577213938,0.1198968851334181,0.2013639517222894,0.1899921165114882,0.1459423122559738,0.1427299813585931,5,,,,,,0.2,1e-06,0.1,,,
soft_bce_dice__mix_weight-0.2__dice_smooth-1e-05__soft_bce_smooth-0e+00,soft_bce_dice,0,42,0.2,0.8,1e-05,0.0,0.1254248299793277,0.1254248299793277,0.191688962183039,0.191688962183039,0.1379096559031172,0.118902981089266,5,,,,,,0.2,1e-05,0.0,,,
soft_bce_dice__mix_weight-0.2__dice_smooth-1e-05__soft_bce_smooth-0e+00,soft_bce_dice,1,43,0.2,0.8,1e-05,0.0,0.1153166499666242,0.1073644642844682,0.1691397198438176,0.1665920259351706,0.1299011662346173,0.1217218967464154,5,,,,,,0.2,1e-05,0.0,,,
soft_bce_dice__mix_weight-0.2__dice_smooth-1e-05__soft_bce_smooth-0e+00,soft_bce_dice,2,44,0.2,0.8,1e-05,0.0,0.1346466379259439,0.1341777935789176,0.2075228461596306,0.2075228461596306,0.1492553114353892,0.1492553114353892,5,,,,,,0.2,1e-05,0.0,,,
soft_bce_dice__mix_weight-0.2__dice_smooth-1e-05__soft_bce_smooth-0.05,soft_bce_dice,0,42,0.2,0.8,1e-05,0.05,0.1238098257800583,0.1238098257800583,0.1826690646002523,0.1826690646002523,0.1338553538506617,0.1118504683089333,5,,,,,,0.2,1e-05,0.05,,,
soft_bce_dice__mix_weight-0.2__dice_smooth-1e-05__soft_bce_smooth-0.05,soft_bce_dice,1,43,0.2,0.8,1e-05,0.05,0.1346936931274385,0.1346936931274385,0.2087618364379553,0.2087618364379553,0.1374327557518289,0.1374327557518289,5,,,,,,0.2,1e-05,0.05,,,
soft_bce_dice__mix_weight-0.2__dice_smooth-1e-05__soft_bce_smooth-0.05,soft_bce_dice,2,44,0.2,0.8,1e-05,0.05,0.1531951562668007,0.1531951562668007,0.2367478745598328,0.2367478745598328,0.1691240231738776,0.1691240231738776,5,,,,,,0.2,1e-05,0.05,,,
soft_bce_dice__mix_weight-0.2__dice_smooth-1e-05__soft_bce_smooth-0.1,soft_bce_dice,0,42,0.2,0.8,1e-05,0.1,0.1443128208227668,0.1443128208227668,0.2214434515322494,0.2214434515322494,0.1449135130870759,0.1238501399024632,5,,,,,,0.2,1e-05,0.1,,,
soft_bce_dice__mix_weight-0.2__dice_smooth-1e-05__soft_bce_smooth-0.1,soft_bce_dice,1,43,0.2,0.8,1e-05,0.1,0.1488159905885939,0.1488159905885939,0.2264807198136016,0.2264807198136016,0.1551505178061173,0.1551505178061173,5,,,,,,0.2,1e-05,0.1,,,
soft_bce_dice__mix_weight-0.2__dice_smooth-1e-05__soft_bce_smooth-0.1,soft_bce_dice,2,44,0.2,0.8,1e-05,0.1,0.1673640741736727,0.1429507507499988,0.2534332225615163,0.2279659406119362,0.1644369259301505,0.1485264646143493,5,,,,,,0.2,1e-05,0.1,,,
soft_bce_dice__mix_weight-0.5__dice_smooth-1e-07__soft_bce_smooth-0e+00,soft_bce_dice,0,42,0.5,0.5,1e-07,0.0,0.1075423926508338,0.09252429862083,0.1546739319183676,0.1315046203845563,0.129584511801912,0.129584511801912,5,,,,,,0.5,1e-07,0.0,,,
soft_bce_dice__mix_weight-0.5__dice_smooth-1e-07__soft_bce_smooth-0e+00,soft_bce_dice,1,43,0.5,0.5,1e-07,0.0,0.1058891260153789,0.1038149909037844,0.1484307101082164,0.1454185154360235,0.1107927809564034,0.1107927809564034,5,,,,,,0.5,1e-07,0.0,,,
soft_bce_dice__mix_weight-0.5__dice_smooth-1e-07__soft_bce_smooth-0e+00,soft_bce_dice,2,44,0.5,0.5,1e-07,0.0,0.1191400502261321,0.1191400502261321,0.1726122521358586,0.1726122521358586,0.1394199951457984,0.1394199951457984,5,,,,,,0.5,1e-07,0.0,,,
soft_bce_dice__mix_weight-0.5__dice_smooth-1e-07__soft_bce_smooth-0.05,soft_bce_dice,0,42,0.5,0.5,1e-07,0.05,0.101393583283293,0.0865541108377521,0.1478410557732919,0.1232474465797968,0.1140950860584294,0.1063281148495493,5,,,,,,0.5,1e-07,0.05,,,
soft_bce_dice__mix_weight-0.5__dice_smooth-1e-07__soft_bce_smooth-0.05,soft_bce_dice,1,43,0.5,0.5,1e-07,0.05,0.1107037718286723,0.1107037718286723,0.1506750861154094,0.1506750861154094,0.1087252802839815,0.1087252802839815,5,,,,,,0.5,1e-07,0.05,,,
soft_bce_dice__mix_weight-0.5__dice_smooth-1e-07__soft_bce_smooth-0.05,soft_bce_dice,2,44,0.5,0.5,1e-07,0.05,0.0975167832297601,0.0975167832297601,0.1361646193133417,0.1361646193133417,0.1199259022431642,0.1198677869688721,5,,,,,,0.5,1e-07,0.05,,,
soft_bce_dice__mix_weight-0.5__dice_smooth-1e-07__soft_bce_smooth-0.1,soft_bce_dice,0,42,0.5,0.5,1e-07,0.1,0.1132756217818914,0.101856379512117,0.1615451188303708,0.1400080462699184,0.1167306167606401,0.1112225183545205,5,,,,,,0.5,1e-07,0.1,,,
soft_bce_dice__mix_weight-0.5__dice_smooth-1e-07__soft_bce_smooth-0.1,soft_bce_dice,1,43,0.5,0.5,1e-07,0.1,0.0887803460178435,0.081241481701402,0.1272480184469197,0.1172016546023892,0.1087425473298938,0.0959489639901271,5,,,,,,0.5,1e-07,0.1,,,
soft_bce_dice__mix_weight-0.5__dice_smooth-1e-07__soft_bce_smooth-0.1,soft_bce_dice,2,44,0.5,0.5,1e-07,0.1,0.0974158942898836,0.0943136101991174,0.1368353041173609,0.1328928160706069,0.1163242199624452,0.1098974382571519,5,,,,,,0.5,1e-07,0.1,,,
soft_bce_dice__mix_weight-0.5__dice_smooth-1e-06__soft_bce_smooth-0e+00,soft_bce_dice,0,42,0.5,0.5,1e-06,0.0,0.1076084138941459,0.0881413650688189,0.1527319357630717,0.1263917363405066,0.1088946748595875,0.1088946748595875,5,,,,,,0.5,1e-06,0.0,,,
soft_bce_dice__mix_weight-0.5__dice_smooth-1e-06__soft_bce_smooth-0e+00,soft_bce_dice,1,43,0.5,0.5,1e-06,0.0,0.107767741258944,0.0974308981604892,0.1583498291511655,0.1352062544770621,0.1087955529665096,0.1060046748354601,5,,,,,,0.5,1e-06,0.0,,,
soft_bce_dice__mix_weight-0.5__dice_smooth-1e-06__soft_bce_smooth-0e+00,soft_bce_dice,2,44,0.5,0.5,1e-06,0.0,0.1110421005391386,0.1110421005391386,0.1576597412585596,0.1576597412585596,0.1324187820475672,0.1324187820475672,5,,,,,,0.5,1e-06,0.0,,,
soft_bce_dice__mix_weight-0.5__dice_smooth-1e-06__soft_bce_smooth-0.05,soft_bce_dice,0,42,0.5,0.5,1e-06,0.05,0.1026507099390107,0.0956843216086926,0.1422408869795326,0.1329724683020709,0.1107359484855633,0.1107359484855633,5,,,,,,0.5,1e-06,0.05,,,
soft_bce_dice__mix_weight-0.5__dice_smooth-1e-06__soft_bce_smooth-0.05,soft_bce_dice,1,43,0.5,0.5,1e-06,0.05,0.1108749356303403,0.0999498237331768,0.1494933057128372,0.1401124597045329,0.1134659812591071,0.108842563432321,5,,,,,,0.5,1e-06,0.05,,,
soft_bce_dice__mix_weight-0.5__dice_smooth-1e-06__soft_bce_smooth-0.05,soft_bce_dice,2,44,0.5,0.5,1e-06,0.05,0.1109595635665192,0.1077915543771548,0.1535199416829284,0.1514322828309825,0.1255211904133996,0.1255211904133996,5,,,,,,0.5,1e-06,0.05,,,
soft_bce_dice__mix_weight-0.5__dice_smooth-1e-06__soft_bce_smooth-0.1,soft_bce_dice,0,42,0.5,0.5,1e-06,0.1,0.1122417619632098,0.1122417619632098,0.1563262464012581,0.1563262464012581,0.1158078077425575,0.1158078077425575,5,,,,,,0.5,1e-06,0.1,,,
soft_bce_dice__mix_weight-0.5__dice_smooth-1e-06__soft_bce_smooth-0.1,soft_bce_dice,1,43,0.5,0.5,1e-06,0.1,0.1091577134276742,0.1091577134276742,0.1495680113222829,0.1495680113222829,0.1167217020799091,0.1167217020799091,5,,,,,,0.5,1e-06,0.1,,,
soft_bce_dice__mix_weight-0.5__dice_smooth-1e-06__soft_bce_smooth-0.1,soft_bce_dice,2,44,0.5,0.5,1e-06,0.1,0.1078290801868923,0.1078290801868923,0.1479349573759341,0.1479349573759341,0.1187789770384201,0.1187789770384201,5,,,,,,0.5,1e-06,0.1,,,
soft_bce_dice__mix_weight-0.5__dice_smooth-1e-05__soft_bce_smooth-0e+00,soft_bce_dice,0,42,0.5,0.5,1e-05,0.0,0.1068765325559692,0.0882447172190813,0.1493783087509707,0.1276399603556676,0.1247211596698736,0.1247211596698736,5,,,,,,0.5,1e-05,0.0,,,
soft_bce_dice__mix_weight-0.5__dice_smooth-1e-05__soft_bce_smooth-0e+00,soft_bce_dice,1,43,0.5,0.5,1e-05,0.0,0.1099825383774416,0.1099825383774416,0.1541172313187174,0.1541172313187174,0.1148667124746257,0.1148667124746257,5,,,,,,0.5,1e-05,0.0,,,
soft_bce_dice__mix_weight-0.5__dice_smooth-1e-05__soft_bce_smooth-0e+00,soft_bce_dice,2,44,0.5,0.5,1e-05,0.0,0.1316085531127632,0.1316085531127632,0.1843449085969303,0.1843449085969303,0.1284370338616647,0.1284370338616647,5,,,,,,0.5,1e-05,0.0,,,
soft_bce_dice__mix_weight-0.5__dice_smooth-1e-05__soft_bce_smooth-0.05,soft_bce_dice,0,42,0.5,0.5,1e-05,0.05,0.0928746206489421,0.0928746206489421,0.1288848302141312,0.1288848302141312,0.1124380874663454,0.1124380874663454,5,,,,,,0.5,1e-05,0.05,,,
soft_bce_dice__mix_weight-0.5__dice_smooth-1e-05__soft_bce_smooth-0.05,soft_bce_dice,1,43,0.5,0.5,1e-05,0.05,0.102140700319394,0.0965187543325671,0.1414928517113326,0.1332466510036107,0.112198354249979,0.1094974940522216,5,,,,,,0.5,1e-05,0.05,,,
soft_bce_dice__mix_weight-0.5__dice_smooth-1e-05__soft_bce_smooth-0.05,soft_bce_dice,2,44,0.5,0.5,1e-05,0.05,0.1055184106318411,0.1055184106318411,0.1448422206663825,0.1448422206663825,0.1189211457131617,0.1189211457131617,5,,,,,,0.5,1e-05,0.05,,,
soft_bce_dice__mix_weight-0.5__dice_smooth-1e-05__soft_bce_smooth-0.1,soft_bce_dice,0,42,0.5,0.5,1e-05,0.1,0.1109642916221736,0.1109642916221736,0.1486299310530679,0.1486299310530679,0.1142184864305721,0.1142184864305721,5,,,,,,0.5,1e-05,0.1,,,
soft_bce_dice__mix_weight-0.5__dice_smooth-1e-05__soft_bce_smooth-0.1,soft_bce_dice,1,43,0.5,0.5,1e-05,0.1,0.0965626888897136,0.0965626888897136,0.1363010077386534,0.1363010077386534,0.1080110272688187,0.1080110272688187,5,,,,,,0.5,1e-05,0.1,,,
soft_bce_dice__mix_weight-0.5__dice_smooth-1e-05__soft_bce_smooth-0.1,soft_bce_dice,2,44,0.5,0.5,1e-05,0.1,0.1091104291178479,0.1091104291178479,0.15736369259689,0.15736369259689,0.1235310113506365,0.1235310113506365,5,,,,,,0.5,1e-05,0.1,,,
soft_bce_dice__mix_weight-0.8__dice_smooth-1e-07__soft_bce_smooth-0e+00,soft_bce_dice,0,42,0.8,0.1999999999999999,1e-07,0.0,0.0612978352520877,0.0612349485022766,0.0802828105179275,0.0798143498476383,0.1103361034537579,0.110222907304098,5,,,,,,0.8,1e-07,0.0,,,
soft_bce_dice__mix_weight-0.8__dice_smooth-1e-07__soft_bce_smooth-0e+00,soft_bce_dice,1,43,0.8,0.1999999999999999,1e-07,0.0,0.0953732430428466,0.091523518180179,0.1334107994513626,0.1288058812264304,0.103226522412358,0.0995186671963676,5,,,,,,0.8,1e-07,0.0,,,
soft_bce_dice__mix_weight-0.8__dice_smooth-1e-07__soft_bce_smooth-0e+00,soft_bce_dice,2,44,0.8,0.1999999999999999,1e-07,0.0,0.1048574877078338,0.1048574877078338,0.1427643166989611,0.1427643166989611,0.1142062389991919,0.1142062389991919,5,,,,,,0.8,1e-07,0.0,,,
soft_bce_dice__mix_weight-0.8__dice_smooth-1e-07__soft_bce_smooth-0.05,soft_bce_dice,0,42,0.8,0.1999999999999999,1e-07,0.05,0.0605939191181856,0.0605939191181856,0.0821100453177483,0.0821100453177483,0.1083190790036821,0.1083190790036821,5,,,,,,0.8,1e-07,0.05,,,
soft_bce_dice__mix_weight-0.8__dice_smooth-1e-07__soft_bce_smooth-0.05,soft_bce_dice,1,43,0.8,0.1999999999999999,1e-07,0.05,0.0610050793892954,0.0610050793892954,0.0790634885028527,0.0790634885028527,0.1097985236196571,0.1097985236196571,5,,,,,,0.8,1e-07,0.05,,,
soft_bce_dice__mix_weight-0.8__dice_smooth-1e-07__soft_bce_smooth-0.05,soft_bce_dice,2,44,0.8,0.1999999999999999,1e-07,0.05,0.0838365702207366,0.0838365702207366,0.1192092833402636,0.1192092833402636,0.1096417403768651,0.1057492611063647,5,,,,,,0.8,1e-07,0.05,,,
soft_bce_dice__mix_weight-0.8__dice_smooth-1e-07__soft_bce_smooth-0.1,soft_bce_dice,0,42,0.8,0.1999999999999999,1e-07,0.1,0.0778907517582167,0.0778907517582167,0.1071952098687277,0.1071952098687277,0.1137601798248248,0.1137601798248248,5,,,,,,0.8,1e-07,0.1,,,
soft_bce_dice__mix_weight-0.8__dice_smooth-1e-07__soft_bce_smooth-0.1,soft_bce_dice,1,43,0.8,0.1999999999999999,1e-07,0.1,0.0811485271645274,0.0811485271645274,0.1174837493035922,0.1174837493035922,0.1050303910671493,0.096665388775007,5,,,,,,0.8,1e-07,0.1,,,
soft_bce_dice__mix_weight-0.8__dice_smooth-1e-07__soft_bce_smooth-0.1,soft_bce_dice,2,44,0.8,0.1999999999999999,1e-07,0.1,0.0998964801521324,0.0998964801521324,0.1382999853298785,0.1382999853298785,0.1123781635925175,0.1123781635925175,5,,,,,,0.8,1e-07,0.1,,,
soft_bce_dice__mix_weight-0.8__dice_smooth-1e-06__soft_bce_smooth-0e+00,soft_bce_dice,0,42,0.8,0.1999999999999999,1e-06,0.0,0.0603379705809535,0.0581018752110297,0.0795354430118333,0.0769450829423011,0.1086083470457164,0.1045354924735681,5,,,,,,0.8,1e-06,0.0,,,
soft_bce_dice__mix_weight-0.8__dice_smooth-1e-06__soft_bce_smooth-0e+00,soft_bce_dice,1,43,0.8,0.1999999999999999,1e-06,0.0,0.0619257986471227,0.0619257986471227,0.0849893030861546,0.0849893030861546,0.1027300231023408,0.1027300231023408,5,,,,,,0.8,1e-06,0.0,,,
soft_bce_dice__mix_weight-0.8__dice_smooth-1e-06__soft_bce_smooth-0e+00,soft_bce_dice,2,44,0.8,0.1999999999999999,1e-06,0.0,0.0640869688583871,0.0640869688583871,0.0839367703518272,0.0839367703518272,0.1153565439450969,0.1153565439450969,5,,,,,,0.8,1e-06,0.0,,,
soft_bce_dice__mix_weight-0.8__dice_smooth-1e-06__soft_bce_smooth-0.05,soft_bce_dice,0,42,0.8,0.1999999999999999,1e-06,0.05,0.0633038075727734,0.0604675227499746,0.0823716046435235,0.0794362391315016,0.1139468536309922,0.1088415409499542,5,,,,,,0.8,1e-06,0.05,,,
soft_bce_dice__mix_weight-0.8__dice_smooth-1e-06__soft_bce_smooth-0.05,soft_bce_dice,1,43,0.8,0.1999999999999999,1e-06,0.05,0.0720019507357004,0.0720019507357004,0.1019278226087157,0.1019278226087157,0.1115899132766831,0.1032642260895091,5,,,,,,0.8,1e-06,0.05,,,
soft_bce_dice__mix_weight-0.8__dice_smooth-1e-06__soft_bce_smooth-0.05,soft_bce_dice,2,44,0.8,0.1999999999999999,1e-06,0.05,0.0631437564927508,0.0631437564927508,0.0816571118147681,0.0816571118147681,0.1136587616869515,0.1136587616869515,5,,,,,,0.8,1e-06,0.05,,,
soft_bce_dice__mix_weight-0.8__dice_smooth-1e-06__soft_bce_smooth-0.1,soft_bce_dice,0,42,0.8,0.1999999999999999,1e-06,0.1,0.0645233612374569,0.0645233612374569,0.0832460091497472,0.0832460091497472,0.1161420502274224,0.1161420502274224,5,,,,,,0.8,1e-06,0.1,,,
soft_bce_dice__mix_weight-0.8__dice_smooth-1e-06__soft_bce_smooth-0.1,soft_bce_dice,1,43,0.8,0.1999999999999999,1e-06,0.1,0.0992916375000604,0.0992916375000604,0.1370135063037696,0.1370135063037696,0.0997999851914453,0.0997999851914453,5,,,,,,0.8,1e-06,0.1,,,
soft_bce_dice__mix_weight-0.8__dice_smooth-1e-06__soft_bce_smooth-0.1,soft_bce_dice,2,44,0.8,0.1999999999999999,1e-06,0.1,0.105402435030968,0.105402435030968,0.1447128155101544,0.1447128155101544,0.1174280961151654,0.1174280961151654,5,,,,,,0.8,1e-06,0.1,,,
soft_bce_dice__mix_weight-0.8__dice_smooth-1e-05__soft_bce_smooth-0e+00,soft_bce_dice,0,42,0.8,0.1999999999999999,1e-05,0.0,0.0594465507364516,0.0593041954073508,0.0826037364098797,0.0786176743618248,0.1070037913256129,0.1067429894529208,5,,,,,,0.8,1e-05,0.0,,,
soft_bce_dice__mix_weight-0.8__dice_smooth-1e-05__soft_bce_smooth-0e+00,soft_bce_dice,1,43,0.8,0.1999999999999999,1e-05,0.0,0.099472551060927,0.099472551060927,0.1376587929434466,0.1376587929434466,0.1038872602621626,0.1038872602621626,5,,,,,,0.8,1e-05,0.0,,,
soft_bce_dice__mix_weight-0.8__dice_smooth-1e-05__soft_bce_smooth-0e+00,soft_bce_dice,2,44,0.8,0.1999999999999999,1e-05,0.0,0.0617848551347453,0.0617848551347453,0.0810276535921553,0.0810276535921553,0.1112127392425416,0.1112127392425416,5,,,,,,0.8,1e-05,0.0,,,
soft_bce_dice__mix_weight-0.8__dice_smooth-1e-05__soft_bce_smooth-0.05,soft_bce_dice,0,42,0.8,0.1999999999999999,1e-05,0.05,0.0588147974180269,0.0588147974180269,0.077846060332352,0.077846060332352,0.1058666353524485,0.1058666353524485,5,,,,,,0.8,1e-05,0.05,,,
soft_bce_dice__mix_weight-0.8__dice_smooth-1e-05__soft_bce_smooth-0.05,soft_bce_dice,1,43,0.8,0.1999999999999999,1e-05,0.05,0.0628342114772322,0.0628342114772322,0.0870388944289194,0.0870388944289194,0.1023706157483607,0.1018838016478039,5,,,,,,0.8,1e-05,0.05,,,
soft_bce_dice__mix_weight-0.8__dice_smooth-1e-05__soft_bce_smooth-0.05,soft_bce_dice,2,44,0.8,0.1999999999999999,1e-05,0.05,0.0991444797128684,0.0991444797128684,0.1368919539015966,0.1368919539015966,0.108863765572904,0.108863765572904,5,,,,,,0.8,1e-05,0.05,,,
soft_bce_dice__mix_weight-0.8__dice_smooth-1e-05__soft_bce_smooth-0.1,soft_bce_dice,0,42,0.8,0.1999999999999999,1e-05,0.1,0.0570105158152475,0.0570105158152475,0.0763983364115225,0.0763983364115225,0.1026189284674455,0.1026189284674455,5,,,,,,0.8,1e-05,0.1,,,
soft_bce_dice__mix_weight-0.8__dice_smooth-1e-05__soft_bce_smooth-0.1,soft_bce_dice,1,43,0.8,0.1999999999999999,1e-05,0.1,0.0983255652376943,0.0983255652376943,0.1359290581779995,0.1359290581779995,0.1016129283119159,0.1016129283119159,5,,,,,,0.8,1e-05,0.1,,,
soft_bce_dice__mix_weight-0.8__dice_smooth-1e-05__soft_bce_smooth-0.1,soft_bce_dice,2,44,0.8,0.1999999999999999,1e-05,0.1,0.0610261101531814,0.0610261101531814,0.0801536970110183,0.0801536970110183,0.1098469982757265,0.1098469982757265,5,,,,,,0.8,1e-05,0.1,,,
bce_dice__mix_weight-0.2__dice_smooth-1e-07,bce_dice,0,42,0.2,0.8,1e-07,,0.1417403591876555,0.1417403591876555,0.2086447869314847,0.2086447869314847,0.1417751991115867,0.1155742732185004,5,,,,,,0.2,1e-07,,,,
bce_dice__mix_weight-0.2__dice_smooth-1e-07,bce_dice,1,43,0.2,0.8,1e-07,,0.1330399791680536,0.1330399791680536,0.1990345361533046,0.1990345361533046,0.1355550092137939,0.1326877443183847,5,,,,,,0.2,1e-07,,,,
bce_dice__mix_weight-0.2__dice_smooth-1e-07,bce_dice,2,44,0.2,0.8,1e-07,,0.1277879250868433,0.1234856594441786,0.1951871110992545,0.1951871110992545,0.1460502067923847,0.1320159003137192,5,,,,,,0.2,1e-07,,,,
bce_dice__mix_weight-0.2__dice_smooth-1e-06,bce_dice,0,42,0.2,0.8,1e-06,,0.1237385334845508,0.1237385334845508,0.1883207355541084,0.1883207355541084,0.1287842329711669,0.1117621466120551,5,,,,,,0.2,1e-06,,,,
bce_dice__mix_weight-0.2__dice_smooth-1e-06,bce_dice,1,43,0.2,0.8,1e-06,,0.1343294130938783,0.1343294130938783,0.2020251396316815,0.2020251396316815,0.1509022325627673,0.1509022325627673,5,,,,,,0.2,1e-06,,,,
bce_dice__mix_weight-0.2__dice_smooth-1e-06,bce_dice,2,44,0.2,0.8,1e-06,,0.1327609159654511,0.1327609159654511,0.2063501870982222,0.2063501870982222,0.1426517454067681,0.1426517454067681,5,,,,,,0.2,1e-06,,,,
bce_dice__mix_weight-0.2__dice_smooth-1e-05,bce_dice,0,42,0.2,0.8,1e-05,,0.1231189768559588,0.1231189768559588,0.1890941068996681,0.1890941068996681,0.1253531374730707,0.102913430866472,5,,,,,,0.2,1e-05,,,,
bce_dice__mix_weight-0.2__dice_smooth-1e-05,bce_dice,1,43,0.2,0.8,1e-05,,0.1296741954555467,0.1296741954555467,0.1968936484317669,0.1968936484317669,0.1385893501317588,0.1385893501317588,5,,,,,,0.2,1e-05,,,,
bce_dice__mix_weight-0.2__dice_smooth-1e-05,bce_dice,2,44,0.2,0.8,1e-05,,0.1583756504099713,0.1436481747035149,0.2417515015906969,0.2216316731329929,0.1594572038600549,0.1568980691854354,5,,,,,,0.2,1e-05,,,,
bce_dice__mix_weight-0.5__dice_smooth-1e-07,bce_dice,0,42,0.5,0.5,1e-07,,0.1144145632365874,0.1144145632365874,0.1644161937523757,0.1644161937523757,0.1300317635630718,0.1300317635630718,5,,,,,,0.5,1e-07,,,,
bce_dice__mix_weight-0.5__dice_smooth-1e-07,bce_dice,1,43,0.5,0.5,1e-07,,0.1012069243501499,0.0917478051062444,0.1399179466876422,0.128531637957257,0.1044139955031813,0.1044139955031813,5,,,,,,0.5,1e-07,,,,
bce_dice__mix_weight-0.5__dice_smooth-1e-07,bce_dice,2,44,0.5,0.5,1e-07,,0.1132161129414421,0.1132161129414421,0.1673982721089324,0.1673982721089324,0.1315584443546164,0.1315584443546164,5,,,,,,0.5,1e-07,,,,
bce_dice__mix_weight-0.5__dice_smooth-1e-06,bce_dice,0,42,0.5,0.5,1e-06,,0.1172997538066934,0.1017235096690587,0.1731052842659602,0.147977555750739,0.1296284062011293,0.1296284062011293,5,,,,,,0.5,1e-06,,,,
bce_dice__mix_weight-0.5__dice_smooth-1e-06,bce_dice,1,43,0.5,0.5,1e-06,,0.10237117541569,0.10237117541569,0.1430516874637089,0.1430516874637089,0.1111437731905296,0.1097649632022085,5,,,,,,0.5,1e-06,,,,
bce_dice__mix_weight-0.5__dice_smooth-1e-06,bce_dice,2,44,0.5,0.5,1e-06,,0.1122157836216621,0.1122157836216621,0.1600451127677816,0.1600451127677816,0.135659268814885,0.135659268814885,5,,,,,,0.5,1e-06,,,,
bce_dice__mix_weight-0.5__dice_smooth-1e-05,bce_dice,0,42,0.5,0.5,1e-05,,0.1098633449518443,0.1082411430343667,0.1551071590140329,0.1551071590140329,0.1190190385617216,0.1190190385617216,5,,,,,,0.5,1e-05,,,,
bce_dice__mix_weight-0.5__dice_smooth-1e-05,bce_dice,1,43,0.5,0.5,1e-05,,0.106511238634506,0.1017439633090382,0.1526487346942038,0.1384970092502181,0.1139923692226447,0.1139923692226447,5,,,,,,0.5,1e-05,,,,
bce_dice__mix_weight-0.5__dice_smooth-1e-05,bce_dice,2,44,0.5,0.5,1e-05,,0.1115431543060844,0.1115431543060844,0.1576109088603306,0.1576109088603306,0.1171042411522667,0.1171042411522667,5,,,,,,0.5,1e-05,,,,
bce_dice__mix_weight-0.8__dice_smooth-1e-07,bce_dice,0,42,0.8,0.1999999999999999,1e-07,,0.0597072266965012,0.0558823912759908,0.0789058033129469,0.0754960003300297,0.1074730080537022,0.1005883042967834,5,,,,,,0.8,1e-07,,,,
bce_dice__mix_weight-0.8__dice_smooth-1e-07,bce_dice,1,43,0.8,0.1999999999999999,1e-07,,0.0895102922936891,0.0895102922936891,0.1272719968644401,0.1272719968644401,0.0935458547699118,0.0935458547699118,5,,,,,,0.8,1e-07,,,,
bce_dice__mix_weight-0.8__dice_smooth-1e-07,bce_dice,2,44,0.8,0.1999999999999999,1e-07,,0.0794318896877046,0.0794318896877046,0.1109069094898188,0.1109069094898188,0.1159921848463526,0.1159921848463526,5,,,,,,0.8,1e-07,,,,
bce_dice__mix_weight-0.8__dice_smooth-1e-06,bce_dice,0,42,0.8,0.1999999999999999,1e-06,,0.0616463682910875,0.0553138260059485,0.0805368801347106,0.0745322942503475,0.1109634629239576,0.0995648868107074,5,,,,,,0.8,1e-06,,,,
bce_dice__mix_weight-0.8__dice_smooth-1e-06,bce_dice,1,43,0.8,0.1999999999999999,1e-06,,0.1047320578139462,0.1047320578139462,0.1423026726914754,0.1423026726914754,0.1073956678796987,0.1073956678796987,5,,,,,,0.8,1e-06,,,,
bce_dice__mix_weight-0.8__dice_smooth-1e-06,bce_dice,2,44,0.8,0.1999999999999999,1e-06,,0.0636998742222955,0.0636998742222955,0.0832804653920107,0.0832804653920107,0.1146597736001319,0.1146597736001319,5,,,,,,0.8,1e-06,,,,
bce_dice__mix_weight-0.8__dice_smooth-1e-05,bce_dice,0,42,0.8,0.1999999999999999,1e-05,,0.0600660221964272,0.0571141134764183,0.0784307440196252,0.076242951821448,0.1081188399535691,0.102805404257553,5,,,,,,0.8,1e-05,,,,
bce_dice__mix_weight-0.8__dice_smooth-1e-05,bce_dice,1,43,0.8,0.1999999999999999,1e-05,,0.085375124091674,0.085375124091674,0.1225941973673273,0.1225941973673273,0.0965394805403859,0.0934144054904069,5,,,,,,0.8,1e-05,,,,
bce_dice__mix_weight-0.8__dice_smooth-1e-05,bce_dice,2,44,0.8,0.1999999999999999,1e-05,,0.0627212175024485,0.0627212175024485,0.0870883902308356,0.0850872575991771,0.1080347003609756,0.1080347003609756,5,,,,,,0.8,1e-05,,,,
focal_tversky_mix__mix_weight-0.2__alpha-0.2__gamma-1__beta-0.8,focal_tversky_mix,0,42,,,,,0.1195474338016492,0.1195474338016492,0.1859766572133785,0.1859766572133785,0.1212539068856312,0.1212539068856312,5,0.2,0.8,0.2,0.8,1.0,0.2,,,0.2,1.0,0.8
focal_tversky_mix__mix_weight-0.2__alpha-0.2__gamma-1__beta-0.8,focal_tversky_mix,1,43,,,,,0.1099048031955328,0.1063568862416984,0.1611283079910531,0.1611283079910531,0.1228405072164748,0.1161850930085384,5,0.2,0.8,0.2,0.8,1.0,0.2,,,0.2,1.0,0.8
focal_tversky_mix__mix_weight-0.2__alpha-0.2__gamma-1__beta-0.8,focal_tversky_mix,2,44,,,,,0.1410855523526185,0.1410855523526185,0.2190323561820477,0.2190323561820477,0.1593606248572186,0.1593606248572186,5,0.2,0.8,0.2,0.8,1.0,0.2,,,0.2,1.0,0.8
focal_tversky_mix__mix_weight-0.2__alpha-0.2__gamma-2__beta-0.8,focal_tversky_mix,0,42,,,,,0.127594439050196,0.1185840853613117,0.1921819129146622,0.1870155784445072,0.1229714516196425,0.1130760183466939,5,0.2,0.8,0.2,0.8,2.0,0.2,,,0.2,2.0,0.8
focal_tversky_mix__mix_weight-0.2__alpha-0.2__gamma-2__beta-0.8,focal_tversky_mix,1,43,,,,,0.1142667322872427,0.1142667322872427,0.171336383185003,0.171336383185003,0.1151835278647155,0.1150900396039047,5,0.2,0.8,0.2,0.8,2.0,0.2,,,0.2,2.0,0.8
focal_tversky_mix__mix_weight-0.2__alpha-0.2__gamma-2__beta-0.8,focal_tversky_mix,2,44,,,,,0.1110035269713814,0.1110035269713814,0.1667509426817141,0.1667509426817141,0.1292465252643289,0.1292465252643289,5,0.2,0.8,0.2,0.8,2.0,0.2,,,0.2,2.0,0.8
focal_tversky_mix__mix_weight-0.2__alpha-0.2__gamma-3__beta-0.8,focal_tversky_mix,0,42,,,,,0.1027662266961196,0.1006854125622564,0.163549093329454,0.163549093329454,0.1197300965775444,0.1064769048743892,5,0.2,0.8,0.2,0.8,3.0,0.2,,,0.2,3.0,0.8
focal_tversky_mix__mix_weight-0.2__alpha-0.2__gamma-3__beta-0.8,focal_tversky_mix,1,43,,,,,0.1035813753214446,0.098920879098394,0.1582453376177301,0.1561460228470039,0.1225168450100174,0.1176948762964965,5,0.2,0.8,0.2,0.8,3.0,0.2,,,0.2,3.0,0.8
focal_tversky_mix__mix_weight-0.2__alpha-0.2__gamma-3__beta-0.8,focal_tversky_mix,2,44,,,,,0.1123666245250881,0.1079935330228417,0.1698262883536317,0.1672665214935886,0.1224722803366045,0.1224722803366045,5,0.2,0.8,0.2,0.8,3.0,0.2,,,0.2,3.0,0.8
focal_tversky_mix__mix_weight-0.2__alpha-0.5__gamma-1__beta-0.5,focal_tversky_mix,0,42,,,,,0.1469730704318761,0.1469730704318761,0.2275491703734804,0.2275491703734804,0.140022333054229,0.140022333054229,5,0.2,0.8,0.5,0.5,1.0,0.2,,,0.5,1.0,0.5
focal_tversky_mix__mix_weight-0.2__alpha-0.5__gamma-1__beta-0.5,focal_tversky_mix,1,43,,,,,0.1303628323622607,0.1303628323622607,0.2012258197798445,0.2012258197798445,0.1352052021738559,0.1352052021738559,5,0.2,0.8,0.5,0.5,1.0,0.2,,,0.5,1.0,0.5
focal_tversky_mix__mix_weight-0.2__alpha-0.5__gamma-1__beta-0.5,focal_tversky_mix,2,44,,,,,0.1489600730451395,0.1466164846190579,0.2263592026110356,0.2263592026110356,0.155651453244445,0.155651453244445,5,0.2,0.8,0.5,0.5,1.0,0.2,,,0.5,1.0,0.5
focal_tversky_mix__mix_weight-0.2__alpha-0.5__gamma-2__beta-0.5,focal_tversky_mix,0,42,,,,,0.119103022611218,0.1037232220915649,0.1814495392606464,0.1629693726255334,0.1219701183483705,0.101753072910097,5,0.2,0.8,0.5,0.5,2.0,0.2,,,0.5,2.0,0.5
focal_tversky_mix__mix_weight-0.2__alpha-0.5__gamma-2__beta-0.5,focal_tversky_mix,1,43,,,,,0.1329706092590125,0.1329706092590125,0.204994113418949,0.204994113418949,0.1386792401289427,0.1386792401289427,5,0.2,0.8,0.5,0.5,2.0,0.2,,,0.5,2.0,0.5
focal_tversky_mix__mix_weight-0.2__alpha-0.5__gamma-2__beta-0.5,focal_tversky_mix,2,44,,,,,0.1312787043433418,0.1212697962002306,0.1956296389411754,0.1916602936399124,0.1467688338271282,0.1396302787984229,5,0.2,0.8,0.5,0.5,2.0,0.2,,,0.5,2.0,0.5
focal_tversky_mix__mix_weight-0.2__alpha-0.5__gamma-3__beta-0.5,focal_tversky_mix,0,42,,,,,0.13311293849181,0.13311293849181,0.2158566243072783,0.2158566243072783,0.1329091944709578,0.1239402860884455,5,0.2,0.8,0.5,0.5,3.0,0.2,,,0.5,3.0,0.5
focal_tversky_mix__mix_weight-0.2__alpha-0.5__gamma-3__beta-0.5,focal_tversky_mix,1,43,,,,,0.109287547349209,0.109287547349209,0.1704999198397536,0.1704999198397536,0.1251464704305801,0.1251464704305801,5,0.2,0.8,0.5,0.5,3.0,0.2,,,0.5,3.0,0.5
focal_tversky_mix__mix_weight-0.2__alpha-0.5__gamma-3__beta-0.5,focal_tversky_mix,2,44,,,,,0.1345495423417263,0.1163034359889568,0.2031163368052387,0.18704952954291,0.1522173528270503,0.1272989263862288,5,0.2,0.8,0.5,0.5,3.0,0.2,,,0.5,3.0,0.5
focal_tversky_mix__mix_weight-0.2__alpha-0.8__gamma-1__beta-0.2,focal_tversky_mix,0,42,,,,,0.1342175390798609,0.1280332790440696,0.2103966065143697,0.2028218359911027,0.1535512598046806,0.1104543032438591,5,0.2,0.8,0.8,0.1999999999999999,1.0,0.2,,,0.8,1.0,0.2
focal_tversky_mix__mix_weight-0.2__alpha-0.8__gamma-1__beta-0.2,focal_tversky_mix,1,43,,,,,0.1423452093699868,0.1423452093699868,0.2232252711655607,0.2232252711655607,0.14536486297539,0.14536486297539,5,0.2,0.8,0.8,0.1999999999999999,1.0,0.2,,,0.8,1.0,0.2
focal_tversky_mix__mix_weight-0.2__alpha-0.8__gamma-1__beta-0.2,focal_tversky_mix,2,44,,,,,0.1404399871069329,0.1391856793499551,0.2163174550496166,0.2163174550496166,0.1578046010241404,0.1578046010241404,5,0.2,0.8,0.8,0.1999999999999999,1.0,0.2,,,0.8,1.0,0.2
focal_tversky_mix__mix_weight-0.2__alpha-0.8__gamma-2__beta-0.2,focal_tversky_mix,0,42,,,,,0.143761666936343,0.1389811654513768,0.2251021490055693,0.2243502488166317,0.1508608236998286,0.1336431981357916,5,0.2,0.8,0.8,0.1999999999999999,2.0,0.2,,,0.8,2.0,0.2
focal_tversky_mix__mix_weight-0.2__alpha-0.8__gamma-2__beta-0.2,focal_tversky_mix,1,43,,,,,0.134868688707148,0.134868688707148,0.2096028945012298,0.2096028945012298,0.1512556590521021,0.1512556590521021,5,0.2,0.8,0.8,0.1999999999999999,2.0,0.2,,,0.8,2.0,0.2
focal_tversky_mix__mix_weight-0.2__alpha-0.8__gamma-2__beta-0.2,focal_tversky_mix,2,44,,,,,0.1384377877567478,0.1245021356514226,0.2143918038459616,0.1984215388634747,0.1434083014710582,0.1434083014710582,5,0.2,0.8,0.8,0.1999999999999999,2.0,0.2,,,0.8,2.0,0.2
focal_tversky_mix__mix_weight-0.2__alpha-0.8__gamma-3__beta-0.2,focal_tversky_mix,0,42,,,,,0.1252841748582664,0.1252841748582664,0.2049756025861145,0.2049756025861145,0.1298987340415499,0.1298987340415499,5,0.2,0.8,0.8,0.1999999999999999,3.0,0.2,,,0.8,3.0,0.2
focal_tversky_mix__mix_weight-0.2__alpha-0.8__gamma-3__beta-0.2,focal_tversky_mix,1,43,,,,,0.1313289924533026,0.1313289924533026,0.2126697198491124,0.2126697198491124,0.1397486017243708,0.1397486017243708,5,0.2,0.8,0.8,0.1999999999999999,3.0,0.2,,,0.8,3.0,0.2
focal_tversky_mix__mix_weight-0.2__alpha-0.8__gamma-3__beta-0.2,focal_tversky_mix,2,44,,,,,0.1298672904865911,0.115653465159924,0.2047439612732383,0.1875508582628029,0.1396039127491476,0.1273710514283293,5,0.2,0.8,0.8,0.1999999999999999,3.0,0.2,,,0.8,3.0,0.2
focal_tversky_mix__mix_weight-0.5__alpha-0.2__gamma-1__beta-0.8,focal_tversky_mix,0,42,,,,,0.1059592391442465,0.1013319734965964,0.1558655959131284,0.1463282034920171,0.1371416927989084,0.1371416927989084,5,0.5,0.5,0.2,0.8,1.0,0.5,,,0.2,1.0,0.8
focal_tversky_mix__mix_weight-0.5__alpha-0.2__gamma-1__beta-0.8,focal_tversky_mix,1,43,,,,,0.1044827954006327,0.1044827954006327,0.1475224228508692,0.1475224228508692,0.1116425658325843,0.1116425658325843,5,0.5,0.5,0.2,0.8,1.0,0.5,,,0.2,1.0,0.8
focal_tversky_mix__mix_weight-0.5__alpha-0.2__gamma-1__beta-0.8,focal_tversky_mix,2,44,,,,,0.1065201845839696,0.1065201845839696,0.1527219263851944,0.1527219263851944,0.1348487424945209,0.1348487424945209,5,0.5,0.5,0.2,0.8,1.0,0.5,,,0.2,1.0,0.8
focal_tversky_mix__mix_weight-0.5__alpha-0.2__gamma-2__beta-0.8,focal_tversky_mix,0,42,,,,,0.092640606182213,0.092640606182213,0.1390799374664365,0.1390799374664365,0.1279780801268493,0.1215410764736007,5,0.5,0.5,0.2,0.8,2.0,0.5,,,0.2,2.0,0.8
focal_tversky_mix__mix_weight-0.5__alpha-0.2__gamma-2__beta-0.8,focal_tversky_mix,1,43,,,,,0.1068915158994084,0.1068915158994084,0.1541399147832362,0.1541399147832362,0.1258560965233187,0.1258560965233187,5,0.5,0.5,0.2,0.8,2.0,0.5,,,0.2,2.0,0.8
focal_tversky_mix__mix_weight-0.5__alpha-0.2__gamma-2__beta-0.8,focal_tversky_mix,2,44,,,,,0.1027974364946355,0.1027974364946355,0.1466269484183321,0.1466269484183321,0.1237014509912569,0.1237014509912569,5,0.5,0.5,0.2,0.8,2.0,0.5,,,0.2,2.0,0.8
focal_tversky_mix__mix_weight-0.5__alpha-0.2__gamma-3__beta-0.8,focal_tversky_mix,0,42,,,,,0.0998877815660378,0.0748360375241405,0.1466546591440919,0.113645981593193,0.1244520215508748,0.118946337864566,5,0.5,0.5,0.2,0.8,3.0,0.5,,,0.2,3.0,0.8
focal_tversky_mix__mix_weight-0.5__alpha-0.2__gamma-3__beta-0.8,focal_tversky_mix,1,43,,,,,0.102829051620213,0.1000018676826062,0.1530017073408094,0.1460760091754598,0.1117042983918989,0.1112426244695307,5,0.5,0.5,0.2,0.8,3.0,0.5,,,0.2,3.0,0.8
focal_tversky_mix__mix_weight-0.5__alpha-0.2__gamma-3__beta-0.8,focal_tversky_mix,2,44,,,,,0.1233849803040357,0.1233849803040357,0.1781437953569069,0.1781437953569069,0.1280255468842058,0.1280255468842058,5,0.5,0.5,0.2,0.8,3.0,0.5,,,0.2,3.0,0.8
focal_tversky_mix__mix_weight-0.5__alpha-0.5__gamma-1__beta-0.5,focal_tversky_mix,0,42,,,,,0.0883610695236491,0.0864934521469164,0.1338379551943657,0.127652567014509,0.1070434643078751,0.1070434643078751,5,0.5,0.5,0.5,0.5,1.0,0.5,,,0.5,1.0,0.5
focal_tversky_mix__mix_weight-0.5__alpha-0.5__gamma-1__beta-0.5,focal_tversky_mix,1,43,,,,,0.1105515987019524,0.1105515987019524,0.1569084116530232,0.1569084116530232,0.1241598663654133,0.1241598663654133,5,0.5,0.5,0.5,0.5,1.0,0.5,,,0.5,1.0,0.5
focal_tversky_mix__mix_weight-0.5__alpha-0.5__gamma-1__beta-0.5,focal_tversky_mix,2,44,,,,,0.132516852453873,0.132516852453873,0.1958007791796269,0.1958007791796269,0.1316309301862306,0.1316309301862306,5,0.5,0.5,0.5,0.5,1.0,0.5,,,0.5,1.0,0.5
focal_tversky_mix__mix_weight-0.5__alpha-0.5__gamma-2__beta-0.5,focal_tversky_mix,0,42,,,,,0.1121238244271549,0.0905947665377294,0.1688067093367148,0.1324865387570278,0.1298520784339873,0.1223460576889285,5,0.5,0.5,0.5,0.5,2.0,0.5,,,0.5,2.0,0.5
focal_tversky_mix__mix_weight-0.5__alpha-0.5__gamma-2__beta-0.5,focal_tversky_mix,1,43,,,,,0.1063996129337827,0.1063996129337827,0.1548682857075594,0.1548682857075594,0.1157934120577687,0.1157934120577687,5,0.5,0.5,0.5,0.5,2.0,0.5,,,0.5,2.0,0.5
focal_tversky_mix__mix_weight-0.5__alpha-0.5__gamma-2__beta-0.5,focal_tversky_mix,2,44,,,,,0.1186402186468889,0.1186402186468889,0.1677036347989732,0.1677036347989732,0.1435924130763807,0.1397482711845729,5,0.5,0.5,0.5,0.5,2.0,0.5,,,0.5,2.0,0.5
focal_tversky_mix__mix_weight-0.5__alpha-0.5__gamma-3__beta-0.5,focal_tversky_mix,0,42,,,,,0.116364207010723,0.0968111973697902,0.1718005483944869,0.1423973225105504,0.1308798645246857,0.1234873998921703,5,0.5,0.5,0.5,0.5,3.0,0.5,,,0.5,3.0,0.5
focal_tversky_mix__mix_weight-0.5__alpha-0.5__gamma-3__beta-0.5,focal_tversky_mix,1,43,,,,,0.1157524817934448,0.1157524817934448,0.1677425647173404,0.1677425647173404,0.1311152391784542,0.1311152391784542,5,0.5,0.5,0.5,0.5,3.0,0.5,,,0.5,3.0,0.5
focal_tversky_mix__mix_weight-0.5__alpha-0.5__gamma-3__beta-0.5,focal_tversky_mix,2,44,,,,,0.120867553736754,0.120867553736754,0.1815252585849944,0.1815252585849944,0.1391742667032384,0.1391742667032384,5,0.5,0.5,0.5,0.5,3.0,0.5,,,0.5,3.0,0.5
focal_tversky_mix__mix_weight-0.5__alpha-0.8__gamma-1__beta-0.2,focal_tversky_mix,0,42,,,,,0.1201176454647071,0.0857338052988248,0.1778727597802508,0.1293724025384445,0.1293412464394714,0.1131255576832878,5,0.5,0.5,0.8,0.1999999999999999,1.0,0.5,,,0.8,1.0,0.2
focal_tversky_mix__mix_weight-0.5__alpha-0.8__gamma-1__beta-0.2,focal_tversky_mix,1,43,,,,,0.1129441985392644,0.1129441985392644,0.1665049750994845,0.1665049750994845,0.1252415240857629,0.1221561648938974,5,0.5,0.5,0.8,0.1999999999999999,1.0,0.5,,,0.8,1.0,0.2
focal_tversky_mix__mix_weight-0.5__alpha-0.8__gamma-1__beta-0.2,focal_tversky_mix,2,44,,,,,0.1161430150814501,0.1161430150814501,0.1661707975889556,0.1661707975889556,0.1340607248641844,0.1340607248641844,5,0.5,0.5,0.8,0.1999999999999999,1.0,0.5,,,0.8,1.0,0.2
focal_tversky_mix__mix_weight-0.5__alpha-0.8__gamma-2__beta-0.2,focal_tversky_mix,0,42,,,,,0.1500459059109267,0.1367720621217407,0.2259981037735317,0.2023517382600616,0.1625667080392089,0.1210966827878311,5,0.5,0.5,0.8,0.1999999999999999,2.0,0.5,,,0.8,2.0,0.2
focal_tversky_mix__mix_weight-0.5__alpha-0.8__gamma-2__beta-0.2,focal_tversky_mix,1,43,,,,,0.1281408308036324,0.1281408308036324,0.1917505514295322,0.1917505514295322,0.1397530024394954,0.1397530024394954,5,0.5,0.5,0.8,0.1999999999999999,2.0,0.5,,,0.8,2.0,0.2
focal_tversky_mix__mix_weight-0.5__alpha-0.8__gamma-2__beta-0.2,focal_tversky_mix,2,44,,,,,0.107713251636925,0.107713251636925,0.1562048051968979,0.1562048051968979,0.1388031750969909,0.1388031750969909,5,0.5,0.5,0.8,0.1999999999999999,2.0,0.5,,,0.8,2.0,0.2
focal_tversky_mix__mix_weight-0.5__alpha-0.8__gamma-3__beta-0.2,focal_tversky_mix,0,42,,,,,0.1576836889898608,0.1400871269800075,0.2392854372493738,0.2175055994367654,0.1626771554517072,0.1346614404594823,5,0.5,0.5,0.8,0.1999999999999999,3.0,0.5,,,0.8,3.0,0.2
focal_tversky_mix__mix_weight-0.5__alpha-0.8__gamma-3__beta-0.2,focal_tversky_mix,1,43,,,,,0.1218363699618508,0.1218363699618508,0.1857749868333497,0.1857749868333497,0.1385112587396282,0.1385112587396282,5,0.5,0.5,0.8,0.1999999999999999,3.0,0.5,,,0.8,3.0,0.2
focal_tversky_mix__mix_weight-0.5__alpha-0.8__gamma-3__beta-0.2,focal_tversky_mix,2,44,,,,,0.1202448731563733,0.1166756513180332,0.1812966305174014,0.1792436771340643,0.1408386085559388,0.1408386085559388,5,0.5,0.5,0.8,0.1999999999999999,3.0,0.5,,,0.8,3.0,0.2
focal_tversky_mix__mix_weight-0.8__alpha-0.2__gamma-1__beta-0.8,focal_tversky_mix,0,42,,,,,0.0558057476560697,0.0558057476560697,0.0752676376324697,0.0752676376324697,0.1004486869980851,0.1004486869980851,5,0.8,0.1999999999999999,0.2,0.8,1.0,0.8,,,0.2,1.0,0.8
focal_tversky_mix__mix_weight-0.8__alpha-0.2__gamma-1__beta-0.8,focal_tversky_mix,1,43,,,,,0.0601287961410185,0.0601287961410185,0.08069870802839,0.08069870802839,0.1043480528918824,0.1043480528918824,5,0.8,0.1999999999999999,0.2,0.8,1.0,0.8,,,0.2,1.0,0.8
focal_tversky_mix__mix_weight-0.8__alpha-0.2__gamma-1__beta-0.8,focal_tversky_mix,2,44,,,,,0.0684913773618486,0.0684913773618486,0.0908141155004539,0.0908141155004539,0.1227431124417983,0.1227431124417983,5,0.8,0.1999999999999999,0.2,0.8,1.0,0.8,,,0.2,1.0,0.8
focal_tversky_mix__mix_weight-0.8__alpha-0.2__gamma-2__beta-0.8,focal_tversky_mix,0,42,,,,,0.0885631929589563,0.0564134994627347,0.1285232938666022,0.0755943650903356,0.1108823250990769,0.1015442990329225,5,0.8,0.1999999999999999,0.2,0.8,2.0,0.8,,,0.2,2.0,0.8
focal_tversky_mix__mix_weight-0.8__alpha-0.2__gamma-2__beta-0.8,focal_tversky_mix,1,43,,,,,0.0739063712990672,0.0739063712990672,0.109531681223906,0.109531681223906,0.0860809767947297,0.0860809767947297,5,0.8,0.1999999999999999,0.2,0.8,2.0,0.8,,,0.2,2.0,0.8
focal_tversky_mix__mix_weight-0.8__alpha-0.2__gamma-2__beta-0.8,focal_tversky_mix,2,44,,,,,0.0560808374319143,0.0560808374319143,0.0770919574354371,0.0770919574354371,0.1008221794663883,0.1008221794663883,5,0.8,0.1999999999999999,0.2,0.8,2.0,0.8,,,0.2,2.0,0.8
focal_tversky_mix__mix_weight-0.8__alpha-0.2__gamma-3__beta-0.8,focal_tversky_mix,0,42,,,,,0.0753976148867022,0.0596945819746696,0.1143365079436125,0.0793387561320312,0.1074502475544054,0.1074502475544054,5,0.8,0.1999999999999999,0.2,0.8,3.0,0.8,,,0.2,3.0,0.8
focal_tversky_mix__mix_weight-0.8__alpha-0.2__gamma-3__beta-0.8,focal_tversky_mix,1,43,,,,,0.0589821110455011,0.0589821110455011,0.0850644693648977,0.0850644693648977,0.1058067995946209,0.1058067995946209,5,0.8,0.1999999999999999,0.2,0.8,3.0,0.8,,,0.2,3.0,0.8
focal_tversky_mix__mix_weight-0.8__alpha-0.2__gamma-3__beta-0.8,focal_tversky_mix,2,44,,,,,0.0921363801541581,0.0546555641227299,0.13030377276692,0.0741758968218238,0.098367385874662,0.098367385874662,5,0.8,0.1999999999999999,0.2,0.8,3.0,0.8,,,0.2,3.0,0.8
focal_tversky_mix__mix_weight-0.8__alpha-0.5__gamma-1__beta-0.5,focal_tversky_mix,0,42,,,,,0.0562642725155731,0.0524515452256224,0.0755169810571844,0.0720499269396405,0.1012756905280317,0.0944127814061204,5,0.8,0.1999999999999999,0.5,0.5,1.0,0.8,,,0.5,1.0,0.5
focal_tversky_mix__mix_weight-0.8__alpha-0.5__gamma-1__beta-0.5,focal_tversky_mix,1,43,,,,,0.0582832950560041,0.0582832950560041,0.0768839813354413,0.0768839813354413,0.104909516352639,0.104909516352639,5,0.8,0.1999999999999999,0.5,0.5,1.0,0.8,,,0.5,1.0,0.5
focal_tversky_mix__mix_weight-0.8__alpha-0.5__gamma-1__beta-0.5,focal_tversky_mix,2,44,,,,,0.1062978426244415,0.1062978426244415,0.1486166865843032,0.1486166865843032,0.1216619823310168,0.1216619823310168,5,0.8,0.1999999999999999,0.5,0.5,1.0,0.8,,,0.5,1.0,0.5
focal_tversky_mix__mix_weight-0.8__alpha-0.5__gamma-2__beta-0.5,focal_tversky_mix,0,42,,,,,0.0565267958837317,0.0550598792819351,0.0764388683536824,0.074349638446392,0.1017482325907171,0.0991077827074833,5,0.8,0.1999999999999999,0.5,0.5,2.0,0.8,,,0.5,2.0,0.5
focal_tversky_mix__mix_weight-0.8__alpha-0.5__gamma-2__beta-0.5,focal_tversky_mix,1,43,,,,,0.0930486259173475,0.0930486259173475,0.1305141330273991,0.1305141330273991,0.1010250963696443,0.1010250963696443,5,0.8,0.1999999999999999,0.5,0.5,2.0,0.8,,,0.5,2.0,0.5
focal_tversky_mix__mix_weight-0.8__alpha-0.5__gamma-2__beta-0.5,focal_tversky_mix,2,44,,,,,0.0738429081004902,0.0738429081004902,0.1030811790671018,0.1030811790671018,0.1092023994739389,0.1092023994739389,5,0.8,0.1999999999999999,0.5,0.5,2.0,0.8,,,0.5,2.0,0.5
focal_tversky_mix__mix_weight-0.8__alpha-0.5__gamma-3__beta-0.5,focal_tversky_mix,0,42,,,,,0.0743259188433034,0.069283273228002,0.1098969982312614,0.0984879191191144,0.1074563417888025,0.1052269200423649,5,0.8,0.1999999999999999,0.5,0.5,3.0,0.8,,,0.5,3.0,0.5
focal_tversky_mix__mix_weight-0.8__alpha-0.5__gamma-3__beta-0.5,focal_tversky_mix,1,43,,,,,0.0838936380421191,0.0838936380421191,0.1249430325875698,0.1249430325875698,0.1186406105271176,0.1186406105271176,5,0.8,0.1999999999999999,0.5,0.5,3.0,0.8,,,0.5,3.0,0.5
focal_tversky_mix__mix_weight-0.8__alpha-0.5__gamma-3__beta-0.5,focal_tversky_mix,2,44,,,,,0.1019102189708432,0.1019102189708432,0.1407750865651566,0.1407750865651566,0.1007535793342232,0.1007535793342232,5,0.8,0.1999999999999999,0.5,0.5,3.0,0.8,,,0.5,3.0,0.5
focal_tversky_mix__mix_weight-0.8__alpha-0.8__gamma-1__beta-0.2,focal_tversky_mix,0,42,,,,,0.0860585111629824,0.0595252291723097,0.1239373968601011,0.078307588626751,0.1104622939803257,0.1071433457432526,5,0.8,0.1999999999999999,0.8,0.1999999999999999,1.0,0.8,,,0.8,1.0,0.2
focal_tversky_mix__mix_weight-0.8__alpha-0.8__gamma-1__beta-0.2,focal_tversky_mix,1,43,,,,,0.0721813399964763,0.0483161462099893,0.1072126445997923,0.0677380150051338,0.0982650788763054,0.0868906907263813,5,0.8,0.1999999999999999,0.8,0.1999999999999999,1.0,0.8,,,0.8,1.0,0.2
focal_tversky_mix__mix_weight-0.8__alpha-0.8__gamma-1__beta-0.2,focal_tversky_mix,2,44,,,,,0.0680326558843782,0.0680326558843782,0.0936311369291906,0.0936311369291906,0.1097721513698013,0.1097721513698013,5,0.8,0.1999999999999999,0.8,0.1999999999999999,1.0,0.8,,,0.8,1.0,0.2
focal_tversky_mix__mix_weight-0.8__alpha-0.8__gamma-2__beta-0.2,focal_tversky_mix,0,42,,,,,0.1032476978270359,0.0911680115616308,0.1437091183217342,0.1268332212233049,0.1170897782135052,0.1116232451260848,5,0.8,0.1999999999999999,0.8,0.1999999999999999,2.0,0.8,,,0.8,2.0,0.2
focal_tversky_mix__mix_weight-0.8__alpha-0.8__gamma-2__beta-0.2,focal_tversky_mix,1,43,,,,,0.1077748851485457,0.1077748851485457,0.1503420310672395,0.1503420310672395,0.1116481171297916,0.1116481171297916,5,0.8,0.1999999999999999,0.8,0.1999999999999999,2.0,0.8,,,0.8,2.0,0.2
focal_tversky_mix__mix_weight-0.8__alpha-0.8__gamma-2__beta-0.2,focal_tversky_mix,2,44,,,,,0.0867291602611584,0.0867291602611584,0.122036797354143,0.122036797354143,0.1103128204041075,0.1103128204041075,5,0.8,0.1999999999999999,0.8,0.1999999999999999,2.0,0.8,,,0.8,2.0,0.2
focal_tversky_mix__mix_weight-0.8__alpha-0.8__gamma-3__beta-0.2,focal_tversky_mix,0,42,,,,,0.0935567661218893,0.0644169364336829,0.1351759860906303,0.0869544367131554,0.1124126150653055,0.1093835412377844,5,0.8,0.1999999999999999,0.8,0.1999999999999999,3.0,0.8,,,0.8,3.0,0.2
focal_tversky_mix__mix_weight-0.8__alpha-0.8__gamma-3__beta-0.2,focal_tversky_mix,1,43,,,,,0.1041323732587117,0.0943074857831096,0.1459729671404216,0.1327812516354546,0.1065536927248347,0.1024886226221783,5,0.8,0.1999999999999999,0.8,0.1999999999999999,3.0,0.8,,,0.8,3.0,0.2
focal_tversky_mix__mix_weight-0.8__alpha-0.8__gamma-3__beta-0.2,focal_tversky_mix,2,44,,,,,0.1035841373017747,0.1035841373017747,0.1423643416280776,0.1423643416280776,0.1124750423351867,0.1124750423351867,5,0.8,0.1999999999999999,0.8,0.1999999999999999,3.0,0.8,,,0.8,3.0,0.2
dice_focal__mix_weight-0.2__gamma-1,dice_focal,0,42,,0.2,,,0.082122186165905,0.0544872220007303,0.120059352394155,0.0742640883520857,0.1110443957170358,0.0980759514224272,5,0.8,,,,1.0,0.2,,,,1.0,
dice_focal__mix_weight-0.2__gamma-1,dice_focal,1,43,,0.2,,,0.0858701382275425,0.0858701382275425,0.1209752195994384,0.1209752195994384,0.1052763876426036,0.1052763876426036,5,0.8,,,,1.0,0.2,,,,1.0,
dice_focal__mix_weight-0.2__gamma-1,dice_focal,2,44,,0.2,,,0.0923810622334268,0.0923810622334268,0.1291641404747344,0.1291641404747344,0.1096820275065041,0.1096820275065041,5,0.8,,,,1.0,0.2,,,,1.0,
dice_focal__mix_weight-0.2__gamma-2,dice_focal,0,42,,0.2,,,0.0584604304045363,0.0584604304045363,0.0775182375817504,0.0775182375817504,0.1052246424540716,0.1052246424540716,5,0.8,,,,2.0,0.2,,,,2.0,
dice_focal__mix_weight-0.2__gamma-2,dice_focal,1,43,,0.2,,,0.0904824534172001,0.0904824534172001,0.1276146097116446,0.1276146097116446,0.1000111858275829,0.1000111858275829,5,0.8,,,,2.0,0.2,,,,2.0,
dice_focal__mix_weight-0.2__gamma-2,dice_focal,2,44,,0.2,,,0.087825899420456,0.087825899420456,0.1254571488832431,0.1254571488832431,0.1097979505601862,0.1097979505601862,5,0.8,,,,2.0,0.2,,,,2.0,
dice_focal__mix_weight-0.2__gamma-3,dice_focal,0,42,,0.2,,,0.0971404470716983,0.0619129821740999,0.1360604572227411,0.0805294272350075,0.1113448376471467,0.1113448376471467,5,0.8,,,,3.0,0.2,,,,3.0,
dice_focal__mix_weight-0.2__gamma-3,dice_focal,1,43,,0.2,,,0.0570927828270337,0.0505903540783985,0.0761721669432635,0.0750522172694653,0.1027493064646549,0.0810329930858872,5,0.8,,,,3.0,0.2,,,,3.0,
dice_focal__mix_weight-0.2__gamma-3,dice_focal,2,44,,0.2,,,0.0963116548249001,0.0592125376294603,0.1350181951599812,0.0827560218123819,0.099765105598243,0.099765105598243,5,0.8,,,,3.0,0.2,,,,3.0,
dice_focal__mix_weight-0.5__gamma-1,dice_focal,0,42,,0.5,,,0.115678439962596,0.0753177269947606,0.1747509119275075,0.1235952039301448,0.1207912465615373,0.1050825395256945,5,0.5,,,,1.0,0.5,,,,1.0,
dice_focal__mix_weight-0.5__gamma-1,dice_focal,1,43,,0.5,,,0.1170677210807493,0.1170677210807493,0.1698203955123846,0.1698203955123846,0.1304161843724875,0.1304161843724875,5,0.5,,,,1.0,0.5,,,,1.0,
dice_focal__mix_weight-0.5__gamma-1,dice_focal,2,44,,0.5,,,0.1339817935266246,0.1339817935266246,0.1945373496396043,0.1945373496396043,0.149082305201115,0.149082305201115,5,0.5,,,,1.0,0.5,,,,1.0,
dice_focal__mix_weight-0.5__gamma-2,dice_focal,0,42,,0.5,,,0.1170369006402951,0.1170369006402951,0.1678321844657662,0.1678321844657662,0.1451537237156313,0.1451537237156313,5,0.5,,,,2.0,0.5,,,,2.0,
dice_focal__mix_weight-0.5__gamma-2,dice_focal,1,43,,0.5,,,0.1164295116073167,0.1164295116073167,0.1683640848156785,0.1683640848156785,0.1293388175256525,0.1292451221162693,5,0.5,,,,2.0,0.5,,,,2.0,
dice_focal__mix_weight-0.5__gamma-2,dice_focal,2,44,,0.5,,,0.1051135985142685,0.1051135985142685,0.1509257058890114,0.1509257058890114,0.1277828181516132,0.1277828181516132,5,0.5,,,,2.0,0.5,,,,2.0,
dice_focal__mix_weight-0.5__gamma-3,dice_focal,0,42,,0.5,,,0.1237828232161045,0.1237828232161045,0.1813397095743201,0.1813397095743201,0.1282572410753938,0.12749422231099,5,0.5,,,,3.0,0.5,,,,3.0,
dice_focal__mix_weight-0.5__gamma-3,dice_focal,1,43,,0.5,,,0.1221513414990182,0.1156162655643049,0.1755168489929791,0.1663569399653084,0.1261358440991377,0.1221607777378373,5,0.5,,,,3.0,0.5,,,,3.0,
dice_focal__mix_weight-0.5__gamma-3,dice_focal,2,44,,0.5,,,0.1042109724006265,0.1042109724006265,0.1518197916189034,0.1518197916189034,0.1239862122140611,0.1239862122140611,5,0.5,,,,3.0,0.5,,,,3.0,
dice_focal__mix_weight-0.8__gamma-1,dice_focal,0,42,,0.8,,,0.1298794860906857,0.1298794860906857,0.1996145005712376,0.1996145005712376,0.1236078443949434,0.1119261987772162,5,0.1999999999999999,,,,1.0,0.8,,,,1.0,
dice_focal__mix_weight-0.8__gamma-1,dice_focal,1,43,,0.8,,,0.1397525000543894,0.1397525000543894,0.2122894088052952,0.2122894088052952,0.1422030878610569,0.1422030878610569,5,0.1999999999999999,,,,1.0,0.8,,,,1.0,
dice_focal__mix_weight-0.8__gamma-1,dice_focal,2,44,,0.8,,,0.1289428925954461,0.1289428925954461,0.2026219234102256,0.2026219234102256,0.1395605563598469,0.1395605563598469,5,0.1999999999999999,,,,1.0,0.8,,,,1.0,
dice_focal__mix_weight-0.8__gamma-2,dice_focal,0,42,,0.8,,,0.1268632882975645,0.1268632882975645,0.2016302299852422,0.2016302299852422,0.1338426668958406,0.1163757540806071,5,0.1999999999999999,,,,2.0,0.8,,,,2.0,
dice_focal__mix_weight-0.8__gamma-2,dice_focal,1,43,,0.8,,,0.1377536658448027,0.1377536658448027,0.2154580070691629,0.2154580070691629,0.1456402530110144,0.1456402530110144,5,0.1999999999999999,,,,2.0,0.8,,,,2.0,
dice_focal__mix_weight-0.8__gamma-2,dice_focal,2,44,,0.8,,,0.12685404521684,0.12685404521684,0.1987924415619132,0.1987924415619132,0.145219085974627,0.145219085974627,5,0.1999999999999999,,,,2.0,0.8,,,,2.0,
dice_focal__mix_weight-0.8__gamma-3,dice_focal,0,42,,0.8,,,0.12314636897957,0.115861751149376,0.191103045249992,0.1857361252389242,0.1312860534507975,0.1039534551113889,5,0.1999999999999999,,,,3.0,0.8,,,,3.0,
dice_focal__mix_weight-0.8__gamma-3,dice_focal,1,43,,0.8,,,0.1374290836289148,0.1374290836289148,0.2160383158938774,0.2160383158938774,0.1462354584582254,0.1462354584582254,5,0.1999999999999999,,,,3.0,0.8,,,,3.0,
dice_focal__mix_weight-0.8__gamma-3,dice_focal,2,44,,0.8,,,0.1186677962967553,0.1052781956065721,0.1822321611227617,0.1685900180123304,0.1354787181343738,0.1260554632591695,5,0.1999999999999999,,,,3.0,0.8,,,,3.0,
bce_tversky__mix_weight-0.2__alpha-0.2__beta-0.8,bce_tversky,0,42,0.2,,,,0.1386724181648454,0.1386724181648454,0.2031340806324381,0.2031340806324381,0.1325090052416939,0.122986429328855,5,,0.8,0.2,0.8,,0.2,,,0.2,,0.8
bce_tversky__mix_weight-0.2__alpha-0.2__beta-0.8,bce_tversky,1,43,0.2,,,,0.123253158017019,0.123253158017019,0.1893401838708722,0.1893401838708722,0.1325680089063544,0.1203314883764585,5,,0.8,0.2,0.8,,0.2,,,0.2,,0.8
bce_tversky__mix_weight-0.2__alpha-0.2__beta-0.8,bce_tversky,2,44,0.2,,,,0.1435379606747283,0.1435379606747283,0.2213478725777097,0.2213478725777097,0.1533055851939486,0.1533055851939486,5,,0.8,0.2,0.8,,0.2,,,0.2,,0.8
bce_tversky__mix_weight-0.2__alpha-0.5__beta-0.5,bce_tversky,0,42,0.2,,,,0.1266922532501312,0.1266922532501312,0.1990343216665805,0.1990343216665805,0.1253091551010294,0.111842784628385,5,,0.8,0.5,0.5,,0.2,,,0.5,,0.5
bce_tversky__mix_weight-0.2__alpha-0.5__beta-0.5,bce_tversky,1,43,0.2,,,,0.14457773972857,0.14457773972857,0.2215468386608857,0.2215468386608857,0.1528283980980135,0.1528283980980135,5,,0.8,0.5,0.5,,0.2,,,0.5,,0.5
bce_tversky__mix_weight-0.2__alpha-0.5__beta-0.5,bce_tversky,2,44,0.2,,,,0.1606742913278499,0.1422739060096047,0.2425279064012582,0.2234992781573608,0.1653384627766403,0.1589115130705342,5,,0.8,0.5,0.5,,0.2,,,0.5,,0.5
bce_tversky__mix_weight-0.2__alpha-0.8__beta-0.2,bce_tversky,0,42,0.2,,,,0.1448696811724595,0.1448696811724595,0.2248707489639499,0.2248707489639499,0.1524988416084905,0.1174071370196685,5,,0.8,0.8,0.1999999999999999,,0.2,,,0.8,,0.2
bce_tversky__mix_weight-0.2__alpha-0.8__beta-0.2,bce_tversky,1,43,0.2,,,,0.1414589760685931,0.1414589760685931,0.218271008591516,0.218271008591516,0.1567606513266297,0.1567606513266297,5,,0.8,0.8,0.1999999999999999,,0.2,,,0.8,,0.2
bce_tversky__mix_weight-0.2__alpha-0.8__beta-0.2,bce_tversky,2,44,0.2,,,,0.1570256639266201,0.1421789793234059,0.2414308183159798,0.2234406086386096,0.1592763210476102,0.1592763210476102,5,,0.8,0.8,0.1999999999999999,,0.2,,,0.8,,0.2
bce_tversky__mix_weight-0.5__alpha-0.2__beta-0.8,bce_tversky,0,42,0.5,,,,0.0868461602866139,0.0868461602866139,0.1319742657637593,0.1319742657637593,0.1112261456515767,0.1112261456515767,5,,0.5,0.2,0.8,,0.5,,,0.2,,0.8
bce_tversky__mix_weight-0.5__alpha-0.2__beta-0.8,bce_tversky,1,43,0.5,,,,0.0992833907720352,0.0965301120629164,0.1467738791995946,0.1410172893233686,0.1029166340763232,0.1029166340763232,5,,0.5,0.2,0.8,,0.5,,,0.2,,0.8
bce_tversky__mix_weight-0.5__alpha-0.2__beta-0.8,bce_tversky,2,44,0.5,,,,0.1284723709402189,0.1284723709402189,0.1821505831664361,0.1821505831664361,0.1550060125355014,0.1550060125355014,5,,0.5,0.2,0.8,,0.5,,,0.2,,0.8
bce_tversky__mix_weight-0.5__alpha-0.5__beta-0.5,bce_tversky,0,42,0.5,,,,0.1020446009761061,0.0712620765961153,0.1457915965703769,0.0991438461866127,0.1233782319391699,0.1233782319391699,5,,0.5,0.5,0.5,,0.5,,,0.5,,0.5
bce_tversky__mix_weight-0.5__alpha-0.5__beta-0.5,bce_tversky,1,43,0.5,,,,0.1037274759808318,0.1037274759808318,0.1491480793591081,0.1491480793591081,0.1154182950155895,0.1154182950155895,5,,0.5,0.5,0.5,,0.5,,,0.5,,0.5
bce_tversky__mix_weight-0.5__alpha-0.5__beta-0.5,bce_tversky,2,44,0.5,,,,0.1236372530541056,0.1236372530541056,0.1767608443025278,0.1767608443025278,0.1310114223006264,0.1310114223006264,5,,0.5,0.5,0.5,,0.5,,,0.5,,0.5
bce_tversky__mix_weight-0.5__alpha-0.8__beta-0.2,bce_tversky,0,42,0.5,,,,0.1111330238210059,0.0722888823242838,0.1536899661914309,0.108070287933328,0.1182606341379659,0.0969959524595464,5,,0.5,0.8,0.1999999999999999,,0.5,,,0.8,,0.2
bce_tversky__mix_weight-0.5__alpha-0.8__beta-0.2,bce_tversky,1,43,0.5,,,,0.1180511031247214,0.1180511031247214,0.1637155818548151,0.1637155818548151,0.1179418482712272,0.1179418482712272,5,,0.5,0.8,0.1999999999999999,,0.5,,,0.8,,0.2
bce_tversky__mix_weight-0.5__alpha-0.8__beta-0.2,bce_tversky,2,44,0.5,,,,0.120414501897797,0.120414501897797,0.1729533525452204,0.1729533525452204,0.1396709487326062,0.1396709487326062,5,,0.5,0.8,0.1999999999999999,,0.5,,,0.8,,0.2
bce_tversky__mix_weight-0.8__alpha-0.2__beta-0.8,bce_tversky,0,42,0.8,,,,0.0610154963722449,0.0603947111358968,0.0796810806372027,0.0787592421867096,0.1098262346401934,0.1087104800446144,5,,0.1999999999999999,0.2,0.8,,0.8,,,0.2,,0.8
bce_tversky__mix_weight-0.8__alpha-0.2__beta-0.8,bce_tversky,1,43,0.8,,,,0.0659624204891678,0.0659624204891678,0.0957485348269923,0.0957485348269923,0.0939764107280613,0.0939764107280613,5,,0.1999999999999999,0.2,0.8,,0.8,,,0.2,,0.8
bce_tversky__mix_weight-0.8__alpha-0.2__beta-0.8,bce_tversky,2,44,0.8,,,,0.0595300008711801,0.0595300008711801,0.0795558699671588,0.0795558699671588,0.1071540015681243,0.1071540015681243,5,,0.1999999999999999,0.2,0.8,,0.8,,,0.2,,0.8
bce_tversky__mix_weight-0.8__alpha-0.5__beta-0.5,bce_tversky,0,42,0.8,,,,0.0658379717935633,0.0621497163125449,0.0999107915711662,0.0855556832728602,0.1076228604251633,0.1034869654517716,5,,0.1999999999999999,0.5,0.5,,0.8,,,0.5,,0.5
bce_tversky__mix_weight-0.8__alpha-0.5__beta-0.5,bce_tversky,1,43,0.8,,,,0.0569589688108228,0.0569589688108228,0.075886175253784,0.075886175253784,0.1025261438594811,0.1025261438594811,5,,0.1999999999999999,0.5,0.5,,0.8,,,0.5,,0.5
bce_tversky__mix_weight-0.8__alpha-0.5__beta-0.5,bce_tversky,2,44,0.8,,,,0.0947889236073643,0.0947889236073643,0.1318755566743484,0.1318755566743484,0.1149073553109353,0.1149073553109353,5,,0.1999999999999999,0.5,0.5,,0.8,,,0.5,,0.5
bce_tversky__mix_weight-0.8__alpha-0.8__beta-0.2,bce_tversky,0,42,0.8,,,,0.0657627981491163,0.0540280869387138,0.0979368516103045,0.0740120053667236,0.1075795559992141,0.0964186654998873,5,,0.1999999999999999,0.8,0.1999999999999999,,0.8,,,0.8,,0.2
bce_tversky__mix_weight-0.8__alpha-0.8__beta-0.2,bce_tversky,1,43,0.8,,,,0.0835383292732085,0.0835383292732085,0.1175697667668802,0.1175697667668802,0.106317686590836,0.106317686590836,5,,0.1999999999999999,0.8,0.1999999999999999,,0.8,,,0.8,,0.2
bce_tversky__mix_weight-0.8__alpha-0.8__beta-0.2,bce_tversky,2,44,0.8,,,,0.0625023935979171,0.0625023935979171,0.081770418648079,0.081770418648079,0.1125043084762509,0.1125043084762509,5,,0.1999999999999999,0.8,0.1999999999999999,,0.8,,,0.8,,0.2
